train_total,train_mse,train_kl,val_total,val_mse,val_kl,epoch
5.549044,5.5325885,0.016455466,5.374138,5.3548365,0.019301865,0
4.878774,4.847664,0.031109834,4.781745,4.7504306,0.03131517,1
4.462748,4.4219885,0.040759142,4.3905325,4.3510957,0.03943699,2
4.1670423,4.120127,0.046914928,4.105863,4.0610704,0.044792693,3
3.9318438,3.8777454,0.054097366,3.8747635,3.8232124,0.05155074,4
3.7274482,3.66599,0.061457865,3.6703477,3.611888,0.05845966,5
3.5318685,3.4625769,0.06929162,3.468433,3.4029882,0.065444745,6
3.3343391,3.2566001,0.077739075,3.2697484,3.1966658,0.07308294,7
3.146195,3.0600939,0.086101085,3.0822368,3.0018692,0.08036802,8
2.96295,2.868335,0.094615445,2.8976412,2.8078496,0.08979154,9
2.7967858,2.6946623,0.102123216,2.7411227,2.6451273,0.09599562,10
2.635639,2.5260742,0.109565236,2.5793946,2.4767528,0.10264158,11
2.4826818,2.3670955,0.11558674,2.4260952,2.3188574,0.10723767,12
2.3369346,2.216215,0.12071959,2.2838392,2.1711416,0.112697616,13
2.209435,2.0847971,0.124637894,2.160358,2.044207,0.11615112,14
2.0944166,1.9661493,0.12826726,2.048635,1.9294631,0.11917181,15
1.9914582,1.8608029,0.13065542,1.9484026,1.8268763,0.12152626,16
1.9010226,1.7684115,0.13261117,1.862842,1.7397735,0.12306839,17
1.8214236,1.6873496,0.13407406,1.7858117,1.6617197,0.12409188,18
1.750918,1.6161288,0.1347892,1.7203594,1.5950875,0.12527183,19
1.6894686,1.554034,0.13543442,1.6567625,1.531115,0.12564746,20
1.6228864,1.4873831,0.13550328,1.5929732,1.466813,0.12616014,21
1.5688523,1.4334716,0.13538058,1.5413558,1.4156557,0.1256998,22
1.5205479,1.3851221,0.13542579,1.4946485,1.3688707,0.12577777,23
1.476536,1.3417284,0.13480748,1.4510896,1.3266765,0.124413215,24
1.4340769,1.300026,0.13405085,1.411654,1.2860807,0.12557329,25
1.3954247,1.2618119,0.13361287,1.3731577,1.2494825,0.12367519,26
1.3620324,1.2292002,0.132832,1.3418207,1.218436,0.1233847,27
1.3305788,1.198527,0.13205187,1.3096671,1.1871274,0.12253984,28
1.3035053,1.1723112,0.13119398,1.2829375,1.1615819,0.12135566,29
1.281207,1.1506041,0.13060267,1.2650267,1.1437184,0.12130815,30
1.2552857,1.1255054,0.12978023,1.2368648,1.117026,0.11983895,31
1.2296716,1.1009477,0.12872382,1.2128333,1.0924321,0.12040112,32
1.2093656,1.0815188,0.12784685,1.190313,1.07188,0.118432984,33
1.1905155,1.0632926,0.1272229,1.1740222,1.0564134,0.11760887,34
1.1755878,1.0491842,0.12640351,1.1595541,1.0421592,0.11739501,35
1.1548977,1.0295293,0.12536837,1.1395217,1.0229251,0.116596594,36
1.1348746,1.0101639,0.124711,1.1200942,1.0050169,0.115077436,37
1.1184461,0.9947856,0.12366037,1.1022474,0.9872605,0.11498675,38
1.1004499,0.97741836,0.12303175,1.0864065,0.97263163,0.113774925,39
1.0882441,0.96602696,0.12221712,1.0736973,0.9601236,0.11357371,40
1.0723094,0.9509143,0.12139503,1.0562427,0.94321597,0.11302673,41
1.056108,0.9356346,0.12047336,1.042195,0.92962646,0.11256851,42
1.0427705,0.9227528,0.12001758,1.0315148,0.92032915,0.111185424,43
1.0340092,0.9148436,0.119165644,1.0209502,0.9096044,0.11134587,44
1.0227667,0.9042331,0.118533686,1.008286,0.8979159,0.11037012,45
1.0106187,0.8926297,0.11798898,0.998922,0.8888347,0.11008716,46
0.99997646,0.88296235,0.117014065,0.9858612,0.8768378,0.109023586,47
0.98857194,0.8721284,0.116443805,0.97702754,0.8675639,0.10946367,48
0.97603637,0.8600874,0.115949035,0.96282405,0.85500634,0.107817546,49
0.96456647,0.84942716,0.11513929,0.9513043,0.84500706,0.10629717,50
0.95229024,0.83771193,0.11457848,0.9397675,0.83380425,0.10596319,51
0.94083667,0.8269219,0.11391487,0.92937297,0.82393104,0.10544194,52
0.9346382,0.82129437,0.11334383,0.92300636,0.81718934,0.105816945,53
0.9254482,0.81257904,0.11286904,0.9126908,0.80804205,0.104648784,54
0.9162784,0.8039503,0.11232824,0.90508443,0.8010539,0.10403053,55
0.90746707,0.7957547,0.11171242,0.8953969,0.791673,0.10372389,56
0.9004312,0.7892466,0.11118475,0.8895843,0.7863241,0.1032602,57
0.8959299,0.78532964,0.11060015,0.8858625,0.7822253,0.10363718,58
0.89301366,0.7827474,0.11026638,0.8812363,0.77852803,0.10270827,59
0.88255066,0.77291995,0.109630704,0.8716334,0.7701256,0.10150781,60
0.87371457,0.76468575,0.10902878,0.86152977,0.7599052,0.1016246,61
0.86491627,0.7565165,0.108399756,0.8542834,0.7534944,0.100789,62
0.8577209,0.7497435,0.10797712,0.84689814,0.7461743,0.10072398,63
0.85061985,0.743079,0.107540764,0.83858156,0.73926616,0.09931543,64
0.844198,0.7371688,0.10702921,0.83361065,0.73372966,0.09988097,65
0.83640885,0.7299023,0.106506556,0.82580304,0.7274466,0.0983565,66
0.825424,0.7195477,0.10587637,0.81402236,0.7155701,0.098452136,67
0.81741524,0.7117143,0.10570091,0.8059202,0.7077089,0.098211326,68
0.81034976,0.70538783,0.104961924,0.79894364,0.70131177,0.09763195,69
0.8059612,0.7011866,0.10477463,0.7968415,0.69951046,0.097330965,70
0.80375886,0.69963706,0.10412187,0.7930478,0.69618595,0.09686167,71
0.8003978,0.6966723,0.10372538,0.79068303,0.69289535,0.09778764,72
0.7972997,0.6938788,0.103420734,0.7887746,0.692218,0.09655653,73
0.7938173,0.69096595,0.102851294,0.7804413,0.6844581,0.095983244,74
0.7819268,0.6794454,0.10248149,0.7704709,0.6755387,0.09493215,75
0.7770508,0.6751356,0.10191519,0.76628476,0.6709923,0.09529246,76
0.77237946,0.6707542,0.10162525,0.7620945,0.66800654,0.09408797,77
0.76431614,0.6632643,0.10105184,0.7539708,0.6596257,0.09434511,78
0.7568457,0.65612316,0.10072263,0.74683595,0.6531655,0.09367043,79
0.7516958,0.651376,0.10031987,0.74153584,0.6486978,0.09283802,80
0.74537176,0.64558434,0.099787354,0.73486024,0.64237595,0.0924843,81
0.74059266,0.64106077,0.099531874,0.72993934,0.63767654,0.092262864,82
0.73759276,0.6386793,0.098913446,0.7283816,0.6366199,0.09176158,83
0.7366617,0.6379908,0.098670945,0.7269367,0.63551575,0.09142092,84
0.73219615,0.6338957,0.09830047,0.72328305,0.6324165,0.090866566,85
0.7257118,0.6278347,0.09787718,0.71521896,0.6247216,0.09049738,86
0.7208098,0.6232143,0.09759551,0.709941,0.619283,0.09065801,87
0.71822727,0.6211198,0.09710759,0.7092499,0.618703,0.090546966,88
0.71578664,0.6190489,0.09673773,0.70672274,0.61616415,0.090558544,89
0.7104643,0.6140307,0.09643349,0.7011859,0.6115306,0.08965533,90
0.7070563,0.61117774,0.09587861,0.69744503,0.6078782,0.08956687,91
0.7056957,0.6099762,0.09571952,0.6971588,0.6080632,0.08909568,92
0.6998867,0.6045518,0.095334925,0.69061977,0.6021173,0.08850242,93
0.6949783,0.60013103,0.09484726,0.68623173,0.5975087,0.08872305,94
0.6895992,0.59518176,0.094417416,0.67933303,0.5912502,0.0880828,95
0.68400794,0.58984375,0.09416419,0.67495483,0.5879537,0.08700115,96
0.6821344,0.58828336,0.09385109,0.6731863,0.5863083,0.086878,97
0.6802584,0.58677346,0.0934849,0.6715312,0.58467495,0.086856164,98
0.6776906,0.5844547,0.09323603,0.66891587,0.58205277,0.08686306,99
0.6748884,0.5821247,0.092763685,0.6660534,0.5795799,0.08647357,100
0.6701388,0.57764,0.09249886,0.6638975,0.57728976,0.08660771,101
0.66691417,0.5746867,0.09222744,0.6580394,0.57192546,0.08611385,102
0.66158116,0.569666,0.09191506,0.6525742,0.5676572,0.084916964,103
0.6575322,0.56602705,0.09150521,0.6464903,0.5611615,0.08532875,104
0.65238017,0.561148,0.09123219,0.642496,0.5578715,0.08462448,105
0.64908195,0.55823857,0.090843394,0.64149475,0.55763036,0.083864324,106
0.64787763,0.5572804,0.09059711,0.63811696,0.5535554,0.08456154,107
0.6449454,0.55470014,0.09024523,0.6360372,0.5524715,0.0835657,108
0.64261794,0.55262583,0.08999219,0.63421714,0.55032176,0.08389533,109
0.6394573,0.54986584,0.08959145,0.6322042,0.5481313,0.0840729,110
0.6386177,0.5491297,0.08948801,0.6293677,0.546458,0.08290969,111
0.6346658,0.54552174,0.08914408,0.62501,0.5426,0.08240999,112
0.6275789,0.5388205,0.08875842,0.619354,0.53653634,0.08281766,113
0.6254672,0.5368874,0.08857989,0.6176106,0.53553396,0.0820766,114
0.6250358,0.5366673,0.08836857,0.6176341,0.5355481,0.08208591,115
0.621999,0.5341632,0.08783583,0.6117898,0.5302962,0.08149351,116
0.61671066,0.5290384,0.08767212,0.6082984,0.5267743,0.08152405,117
0.61227846,0.5249199,0.08735853,0.6043649,0.52325547,0.08110941,118
0.61046094,0.5232721,0.087188914,0.60090226,0.52022046,0.080681786,119
0.6076769,0.5209417,0.08673523,0.5998455,0.5192689,0.08057667,120
0.6067927,0.5201279,0.08666475,0.5986522,0.5182951,0.08035702,121
0.60716563,0.52077454,0.08639111,0.5979151,0.51761293,0.08030222,122
0.60383666,0.5177298,0.08610677,0.5966361,0.51662135,0.080014765,123
0.6012449,0.51536006,0.08588496,0.59151715,0.5118116,0.07970556,124
0.59605473,0.51047546,0.08557926,0.58800423,0.5081963,0.07980794,125
0.59512746,0.50986433,0.08526314,0.58543444,0.50598,0.07945448,126
0.5921232,0.50705653,0.085066766,0.5846736,0.50550276,0.07917085,127
0.59046817,0.505613,0.08485513,0.58193487,0.5026509,0.07928389,128
0.58822346,0.5036388,0.08458474,0.5808593,0.5024285,0.078430854,129
0.5875766,0.50333154,0.08424515,0.5802478,0.50215673,0.07809103,130
0.5894495,0.505264,0.084185615,0.5818212,0.50396883,0.077852465,131
0.5866852,0.5028256,0.083859555,0.5793426,0.5019473,0.07739538,132
0.5816284,0.49800774,0.08362059,0.5746677,0.4966697,0.07799803,133
0.5789236,0.4954743,0.08344928,0.57025176,0.4929558,0.077295974,134
0.5752373,0.4920481,0.08318908,0.5667869,0.48989367,0.07689322,135
0.5699497,0.4870752,0.08287446,0.5612861,0.48453167,0.076754466,136
0.56815946,0.4854368,0.08272271,0.56164104,0.48435378,0.07728722,137
0.56828433,0.48581427,0.08247012,0.5618465,0.48467526,0.077171244,138
0.56733525,0.48512533,0.082209945,0.5597558,0.48339134,0.0763644,139
0.56273043,0.48070756,0.08202288,0.55389875,0.47760892,0.07628983,140
0.55970806,0.47785842,0.08184964,0.5506984,0.4745912,0.07610711,141
0.5560738,0.4745938,0.08147994,0.54965335,0.47386846,0.075785026,142
0.5528566,0.47146446,0.08139219,0.54430217,0.46881208,0.0754901,143
0.5511733,0.47000033,0.08117302,0.54309905,0.46775854,0.07534057,144
0.5492538,0.4682499,0.08100391,0.5422141,0.46694937,0.07526462,145
0.55027837,0.46949655,0.080781765,0.541608,0.46664804,0.07495989,146
0.5509186,0.47037515,0.0805434,0.54377985,0.46860644,0.07517339,147
0.5504724,0.47009322,0.08037916,0.5439261,0.46877185,0.07515427,148
0.5480303,0.46776247,0.080267906,0.54147154,0.46717402,0.07429744,149
0.5471615,0.46727028,0.07989126,0.5404166,0.46611515,0.07430159,150
0.54561526,0.46577433,0.07984096,0.53629935,0.4624484,0.073850915,151
0.5394189,0.45993644,0.07948243,0.53229046,0.45881775,0.073472776,152
0.53522307,0.45612738,0.07909567,0.5284171,0.4552153,0.07320177,153
0.53442365,0.45533338,0.079090275,0.52646387,0.4532488,0.07321502,154
0.53017324,0.45124948,0.07892369,0.5225256,0.4495163,0.07300931,155
0.53005344,0.45146242,0.07859098,0.5236732,0.4509233,0.072749816,156
0.53478944,0.45624146,0.07854805,0.5338876,0.45988125,0.07400638,157
0.53916895,0.46064597,0.07852302,0.5308897,0.4579213,0.07296835,158
0.5339698,0.45570618,0.07826357,0.5252862,0.45271984,0.07256643,159
0.52444065,0.44651976,0.07792083,0.51625943,0.44438875,0.07187068,160
0.5180645,0.44037643,0.0776881,0.5096067,0.4373669,0.07223977,161
0.51447326,0.4369867,0.07748655,0.50671446,0.43506083,0.071653664,162
0.5136185,0.43632567,0.077292904,0.505707,0.43418193,0.07152518,163
0.5133172,0.43607628,0.077240914,0.5062537,0.43412703,0.07212665,164
0.5122708,0.43513468,0.07713615,0.5043574,0.43271232,0.07164497,165
0.5090585,0.4322042,0.07685437,0.5012728,0.43025157,0.07102116,166
0.5083123,0.43157792,0.07673441,0.50212497,0.43052638,0.07159864,167
0.5098366,0.43324885,0.07658784,0.50282544,0.4318612,0.07096424,168
0.5081666,0.43171766,0.07644905,0.50213516,0.43116525,0.07097,169
0.50974053,0.43347594,0.076264605,0.5003934,0.42950535,0.070888035,170
0.50614196,0.43005577,0.07608622,0.4984201,0.42767593,0.07074408,171
0.5039725,0.42798674,0.07598562,0.49730802,0.4265031,0.070804946,172
0.5051127,0.42939016,0.07572261,0.4980996,0.42732796,0.07077159,173
0.50307035,0.4274613,0.07560904,0.49591586,0.42579684,0.070118986,174
0.50003445,0.4246775,0.07535694,0.49187857,0.42180243,0.070076175,175
0.49695826,0.4218312,0.075127,0.4902304,0.4199132,0.07031719,176
0.4936792,0.41853097,0.07514829,0.48592335,0.41623586,0.06968753,177
0.48992828,0.41512534,0.07480289,0.48279607,0.41321987,0.06957625,178
0.48782456,0.41315645,0.07466813,0.48052114,0.4110701,0.06945104,179
0.48613626,0.41165772,0.07447851,0.47977787,0.41026375,0.06951417,180
0.48552445,0.41107702,0.07444752,0.47823393,0.4093277,0.06890617,181
0.485585,0.41127196,0.0743131,0.4779481,0.40892896,0.06901914,182
0.48242906,0.40836656,0.07406251,0.4759133,0.40698692,0.06892637,183
0.48115158,0.4072174,0.073934175,0.4747259,0.40566096,0.069064945,184
0.4828123,0.40904975,0.07376255,0.47586304,0.40729412,0.06856891,185
0.4805034,0.40690053,0.0736029,0.4737908,0.40539327,0.068397485,186
0.47836244,0.4048881,0.07347439,0.47167087,0.40352568,0.06814524,187
0.4788317,0.4055126,0.07331903,0.47130117,0.40309596,0.06820516,188
0.4779988,0.4048492,0.07314966,0.47003666,0.4017615,0.068275176,189
0.47702774,0.40402272,0.07300502,0.47072378,0.40239048,0.06833332,190
0.47391334,0.40100855,0.07290475,0.46671194,0.39838418,0.068327695,191
0.47212228,0.39938948,0.07273277,0.46530548,0.3979163,0.067389175,192
0.4717261,0.39920706,0.07251899,0.46514052,0.39759323,0.067547336,193
0.47030395,0.39776862,0.072535306,0.46215698,0.39474624,0.06741073,194
0.46907455,0.3968243,0.07225021,0.4616387,0.3943294,0.06730922,195
0.4680819,0.39587095,0.07221098,0.46074262,0.39376444,0.06697818,196
0.46576363,0.39385056,0.071913056,0.45921463,0.39204448,0.06717011,197
0.4628711,0.39094722,0.07192393,0.45499873,0.38823047,0.066768244,198
0.4606193,0.38902143,0.07159787,0.45413598,0.38758615,0.06654988,199
0.46076247,0.38923013,0.07153233,0.4566407,0.38935235,0.06728831,200
0.46622843,0.394735,0.071493454,0.46006656,0.3934654,0.06660117,201
0.46776727,0.3963817,0.07138554,0.46106067,0.39478934,0.06627134,202
0.46304825,0.3919039,0.07114433,0.455554,0.38922954,0.06632447,203
0.45804834,0.38713965,0.070908755,0.44967374,0.38361037,0.0660634,204
0.4559159,0.3850557,0.07086027,0.44709533,0.3811533,0.06594205,205
0.45241022,0.38169417,0.070716135,0.44439197,0.3789181,0.06547386,206
0.44941986,0.3788714,0.07054845,0.44317946,0.37760255,0.06557693,207
0.44977507,0.3794571,0.070317954,0.4434851,0.37830353,0.065181635,208
0.45096704,0.38051045,0.070456594,0.44398007,0.3781863,0.06579381,209
0.4492032,0.37902555,0.07017759,0.44298103,0.37755543,0.06542564,210
0.44658935,0.37655878,0.07003064,0.4406362,0.37580973,0.06482639,211
0.4436709,0.37381807,0.06985286,0.435364,0.37014624,0.06521776,212
0.44101357,0.37113887,0.06987475,0.4341089,0.36951974,0.06458919,213
0.43909904,0.36940905,0.06968994,0.43046013,0.36593348,0.06452658,214
0.43696594,0.3675257,0.06944024,0.42992616,0.3650209,0.06490525,215
0.43818015,0.368713,0.069467135,0.43157944,0.36710408,0.064475395,216
0.4406575,0.37127814,0.069379315,0.4345145,0.36994746,0.06456702,217
0.4390919,0.36991423,0.06917766,0.43048903,0.3661302,0.06435879,218
0.43533868,0.366333,0.069005676,0.42920825,0.36480755,0.06440069,219
0.43517882,0.36630747,0.06887131,0.4295501,0.36548066,0.06406945,220
0.43439028,0.36552176,0.06886848,0.42765698,0.36342937,0.064227566,221
0.43342507,0.36467305,0.068752035,0.42649692,0.36242014,0.06407676,222
0.43215212,0.363606,0.06854614,0.42652658,0.36277276,0.06375378,223
0.43328682,0.36486426,0.068422526,0.4252197,0.3619088,0.06331094,224
0.4311233,0.36286506,0.068258286,0.4244304,0.36111578,0.06331454,225
0.4316588,0.36327964,0.068379164,0.42522335,0.36181584,0.06340752,226
0.43050835,0.36247113,0.068037204,0.42402223,0.3612489,0.06277331,227
0.42884323,0.36086923,0.067973934,0.42207432,0.35855383,0.06352046,228
0.42851633,0.36060014,0.067916185,0.42231536,0.35944897,0.062866375,229
0.4283592,0.36052743,0.06783182,0.4230095,0.36004728,0.062962204,230
0.42850822,0.3608595,0.0676487,0.42141423,0.35852435,0.062889874,231
0.42545518,0.3578885,0.06756668,0.41715512,0.35466543,0.062489755,232
0.42127296,0.3539383,0.06733463,0.41443524,0.35197002,0.062465232,233
0.4191044,0.3518318,0.06727259,0.41101646,0.34827647,0.06274001,234
0.4176281,0.35051313,0.067115,0.410197,0.34744057,0.06275641,235
0.41642168,0.34931692,0.067104734,0.4086518,0.34651566,0.06213615,236
0.41281426,0.34589586,0.06691835,0.40611285,0.34365538,0.062457453,237
0.41247267,0.34568754,0.066785194,0.40521762,0.34305975,0.062157903,238
0.41187423,0.34517977,0.066694446,0.4049069,0.34316796,0.061738893,239
0.4125994,0.34602737,0.06657199,0.4053635,0.34336984,0.06199364,240
0.41247138,0.3459656,0.066505805,0.40703025,0.34551492,0.061515372,241
0.41210198,0.34570435,0.06639768,0.4056787,0.3438936,0.06178506,242
0.4128998,0.34652922,0.06637058,0.4066871,0.3451197,0.061567307,243
0.4129013,0.34661403,0.06628727,0.406284,0.34493622,0.061347786,244
0.41172987,0.34571686,0.06601295,0.40563402,0.34460127,0.061032675,245
0.40951198,0.34348914,0.06602288,0.40213162,0.3407749,0.061356697,246
0.40893644,0.34312338,0.06581312,0.4025585,0.34179348,0.06076513,247
0.40730911,0.34158784,0.065721266,0.39988056,0.3388322,0.061048366,248
0.4039483,0.33829275,0.06565556,0.3968533,0.33604246,0.06081088,249
0.40258202,0.3371315,0.065450564,0.39597225,0.33537993,0.060592294,250
0.40089738,0.3355398,0.06535764,0.3928821,0.33208546,0.06079663,251
0.39888725,0.33354527,0.06534196,0.3931253,0.33233795,0.060787383,252
0.40111563,0.33589438,0.06522119,0.39490455,0.33455372,0.06035084,253
0.40086728,0.3359004,0.06496689,0.39413747,0.33325252,0.060884982,254
0.40207717,0.33702707,0.06505004,0.39592177,0.33522704,0.060694735,255
0.4013045,0.3363807,0.06492382,0.39579728,0.335611,0.06018629,256
0.40237436,0.33749992,0.06487449,0.39481154,0.33479565,0.0600159,257
0.39910164,0.33430457,0.06479706,0.39225298,0.33196092,0.060292006,258
0.39681563,0.33215374,0.064661875,0.3893142,0.32926363,0.060050625,259
0.3934787,0.32900652,0.06447223,0.38701063,0.32720056,0.059810054,260
0.3964236,0.3318791,0.06454452,0.39086118,0.33051538,0.060345788,261
0.39583808,0.33149943,0.064338654,0.3891232,0.32974225,0.05938094,262
0.3935683,0.32930198,0.0642663,0.38619477,0.32658678,0.05960799,263
0.39296135,0.3289117,0.06404971,0.38644546,0.32715622,0.05928928,264
0.39015982,0.3261082,0.064051636,0.38395935,0.32429433,0.059665028,265
0.38775402,0.3237493,0.06400469,0.38142592,0.32219383,0.05923203,266
0.3883717,0.32443917,0.06393253,0.3818531,0.32256106,0.05929205,267
0.38890183,0.32524198,0.06365987,0.3817552,0.32222828,0.05952694,268
0.3878406,0.324146,0.063694656,0.38274124,0.32318693,0.05955433,269
0.38700548,0.32350424,0.06350124,0.37956643,0.32033762,0.0592288,270
0.38433737,0.32095355,0.06338379,0.37691337,0.31771198,0.059201404,271
0.38209298,0.3186946,0.06339841,0.37510312,0.31594968,0.059153415,272
0.38139743,0.31814334,0.063254066,0.37492296,0.3164494,0.058473587,273
0.37980604,0.31661373,0.06319232,0.37293532,0.31439644,0.058538895,274
0.37929848,0.31619745,0.063101,0.37205482,0.31308952,0.05896525,275
0.3785403,0.31561446,0.06292584,0.37176082,0.31323552,0.058525305,276
0.37869212,0.31568506,0.063007034,0.3728351,0.31437036,0.05846472,277
0.37987933,0.31698462,0.06289464,0.37369743,0.31541923,0.058278196,278
0.38073352,0.3179141,0.06281944,0.37480006,0.31654578,0.058254305,279
0.3799459,0.31729987,0.06264602,0.37382722,0.3153071,0.058520123,280
0.37869465,0.3160895,0.062605135,0.3721129,0.31416288,0.057949986,281
0.37871316,0.31627604,0.062437095,0.37133044,0.31314522,0.05818519,282
0.37558448,0.3132188,0.06236566,0.3697351,0.3120071,0.057728007,283
0.37617317,0.3138735,0.062299564,0.3689097,0.3111213,0.057788327,284
0.37157786,0.30934983,0.06222806,0.36431256,0.30668655,0.05762599,285
0.36983773,0.30784884,0.061988868,0.36238304,0.304899,0.057484023,286
0.3708475,0.30887148,0.061976016,0.36448613,0.30668846,0.057797693,287
0.37151384,0.3097,0.061813794,0.36469483,0.30720624,0.05748858,288
0.3717521,0.30989462,0.06185748,0.3658098,0.30797702,0.05783275,289
0.3701539,0.30838972,0.061764203,0.36307105,0.30562255,0.057448525,290
0.36725914,0.3055974,0.061661776,0.3609485,0.30360323,0.057345264,291
0.36583212,0.30430812,0.061523963,0.35839206,0.3012423,0.057149757,292
0.36373442,0.30232248,0.061411962,0.35708308,0.30002895,0.05705412,293
0.36234507,0.3009797,0.06136534,0.35556418,0.2983374,0.057226732,294
0.36206734,0.30076727,0.061300162,0.35458493,0.29759708,0.056987785,295
0.36262116,0.30138254,0.061238643,0.35582793,0.29884115,0.056986753,296
0.36284384,0.30172342,0.061120395,0.35607764,0.29940724,0.056670394,297
0.3631905,0.30207476,0.061115753,0.35656253,0.29956287,0.05699963,298
0.3656707,0.3046556,0.06101509,0.36004454,0.30303273,0.057011824,299
0.36508766,0.30408314,0.061004505,0.357565,0.3008616,0.05670334,300
0.36327335,0.3023617,0.06091157,0.3564572,0.30033997,0.056117244,301
0.36184826,0.3011282,0.060720064,0.3547588,0.29834026,0.05641851,302
0.36240417,0.30165705,0.06074712,0.35706782,0.30054045,0.056527384,303
0.36086935,0.3003362,0.060533173,0.3544732,0.29807743,0.056395777,304
0.35783774,0.29729578,0.060541924,0.352035,0.29584906,0.056185942,305
0.3575142,0.2971718,0.060342338,0.35191345,0.29587564,0.056037813,306
0.35856313,0.2981433,0.060419872,0.35068458,0.29485044,0.05583413,307
0.35603172,0.2958175,0.060214225,0.34836695,0.29253572,0.055831216,308
0.35365397,0.2934986,0.060155336,0.34594655,0.29006085,0.05588568,309
0.35225886,0.29223722,0.0600216,0.3464804,0.29060254,0.05587788,310
0.3514646,0.29147005,0.059994556,0.3441314,0.2882449,0.055886477,311
0.35002863,0.2900946,0.05993393,0.34378415,0.28789696,0.055887204,312
0.349354,0.289442,0.059912007,0.34254336,0.2870708,0.05547258,313
0.34942585,0.28952292,0.059902932,0.34302688,0.2875336,0.055493303,314
0.35031506,0.2906566,0.059658416,0.34326586,0.28794834,0.055317562,315
0.35100386,0.29136297,0.059640884,0.3449269,0.2893372,0.055589654,316
0.3528769,0.29323232,0.059644535,0.3461767,0.29086494,0.055311758,317
0.35292715,0.2934213,0.059505865,0.3476548,0.29259732,0.055057492,318
0.35220972,0.29269508,0.0595147,0.3444071,0.28938413,0.055023033,319
0.34857863,0.28918162,0.05939703,0.34225363,0.2870666,0.055186994,320
0.34780917,0.28852075,0.059288375,0.34124157,0.28607953,0.05516205,321
0.34597963,0.28679326,0.059186373,0.33936644,0.2840156,0.055350836,322
0.3443298,0.2851191,0.05921072,0.33699125,0.28214544,0.054845765,323
0.34378207,0.2847546,0.059027404,0.3370417,0.28215533,0.054886363,324
0.34222433,0.28319475,0.059029542,0.33561656,0.28095898,0.054657612,325
0.3409806,0.2820667,0.05891389,0.3338105,0.27924776,0.054562785,326
0.34036064,0.28153968,0.058820993,0.33318752,0.27860418,0.05458327,327
0.33987352,0.2810647,0.0588089,0.3331814,0.2783515,0.054829925,328
0.33944604,0.28069976,0.05874629,0.33388773,0.27939415,0.05449358,329
0.34191006,0.28322917,0.058680907,0.33561578,0.28116977,0.054446016,330
0.34305322,0.2845238,0.058529455,0.3375196,0.2830261,0.054493494,331
0.34133738,0.28286752,0.058469813,0.3343829,0.27997947,0.054403458,332
0.3396509,0.28116775,0.05848318,0.33413038,0.27982154,0.05430888,333
0.34095314,0.2825786,0.05837457,0.33401963,0.2797132,0.054306418,334
0.33835092,0.28009573,0.058255214,0.33122152,0.27697036,0.05425117,335
0.3363557,0.27821895,0.058136776,0.33047032,0.27668995,0.05378039,336
0.3359544,0.27785948,0.05809495,0.32918897,0.2751951,0.053993884,337
0.33473048,0.2766595,0.058071014,0.32701835,0.2731746,0.053843744,338
0.3341031,0.27611965,0.05798341,0.3282177,0.27436292,0.053854756,339
0.3350507,0.2771003,0.05795043,0.3281525,0.27428386,0.05386862,340
0.33306324,0.27524757,0.05781563,0.32646388,0.27281275,0.053651113,341
0.33154127,0.2737403,0.05780096,0.3251174,0.27155805,0.05355939,342
0.33281752,0.2751256,0.0576919,0.3258534,0.27229032,0.053563066,343
0.33365533,0.27595553,0.057699814,0.32720184,0.27366957,0.053532332,344
0.3333229,0.27569342,0.057629474,0.32739693,0.27407518,0.05332168,345
0.33207846,0.27453914,0.05753933,0.32630518,0.27308995,0.05321523,346
0.33275655,0.2752613,0.057495203,0.32620087,0.27265245,0.053548433,347
0.33280817,0.27536413,0.057444114,0.3265906,0.27331245,0.053278144,348
0.33116806,0.2738315,0.05733661,0.32533544,0.2719977,0.05333778,349
0.32965577,0.2723796,0.057276163,0.3242567,0.27082172,0.053435013,350
0.3288196,0.27157912,0.057240475,0.32241884,0.269429,0.05298984,351
0.32766935,0.2705843,0.05708508,0.32035497,0.26740295,0.052952033,352
0.32668072,0.2696124,0.05706828,0.31924555,0.2662149,0.05303069,353
0.32642862,0.26939586,0.057032682,0.3205316,0.26754624,0.052985363,354
0.3267893,0.2699001,0.056889184,0.31964397,0.26665595,0.052988008,355
0.32516444,0.26821703,0.056947414,0.3186554,0.26564837,0.053007018,356
0.32476944,0.2680174,0.05675206,0.31782252,0.26512104,0.052701432,357
0.32456657,0.26785803,0.056708533,0.31798235,0.26522982,0.052752547,358
0.3225986,0.26588854,0.056710083,0.31571755,0.26314458,0.052572988,359
0.3207953,0.26427534,0.056519948,0.3138987,0.26147437,0.052424353,360
0.32054335,0.2639064,0.05663699,0.31380054,0.26130015,0.05250039,361
0.31920895,0.26272455,0.056484424,0.31347385,0.26076454,0.052709322,362
0.31970972,0.26324403,0.056465663,0.31283095,0.26025787,0.052573096,363
0.31920627,0.26283532,0.056370888,0.3127487,0.26060084,0.05214792,364
0.3196488,0.2633025,0.05634633,0.31269336,0.2604542,0.052239124,365
0.3200903,0.26374033,0.05634995,0.31331077,0.26106542,0.052245338,366
0.31974506,0.2634882,0.056256894,0.31342375,0.26119873,0.05222504,367
0.32049388,0.2642778,0.05621608,0.31481642,0.2624393,0.052377116,368
0.319957,0.26386383,0.05609318,0.3129698,0.26101413,0.05195566,369
0.31884113,0.26275662,0.05608452,0.31310654,0.2607301,0.05237642,370
0.31808552,0.26209015,0.055995367,0.312065,0.25994307,0.052121975,371
0.31715348,0.2612511,0.055902455,0.31036335,0.25858444,0.05177893,372
0.31575936,0.25988978,0.055869598,0.30933514,0.25751555,0.05181957,373
0.31529206,0.25956815,0.055723894,0.30820185,0.256446,0.05175581,374
0.314778,0.25906155,0.05571649,0.3076999,0.2560516,0.05164828,375
0.3128491,0.2572569,0.05559223,0.30609435,0.25467324,0.051421113,376
0.31267858,0.25703287,0.055645753,0.3059796,0.25429982,0.051679816,377
0.31278816,0.25723436,0.055553827,0.30762523,0.2562644,0.051360846,378
0.31434366,0.25879034,0.05555332,0.3092893,0.2575604,0.051728923,379
0.31471545,0.25927016,0.05544527,0.3083907,0.2568195,0.051571175,380
0.3142766,0.25884813,0.05542848,0.3085382,0.25720403,0.051334135,381
0.3137678,0.258449,0.05531884,0.30739316,0.2559503,0.05144283,382
0.31419876,0.2588464,0.055352326,0.30788597,0.25631392,0.051572062,383
0.31410027,0.2588309,0.055269368,0.30721024,0.2558794,0.051330782,384
0.31152695,0.25633922,0.05518775,0.30479485,0.2536075,0.05118734,385
0.31069747,0.25561,0.05508747,0.304493,0.25313047,0.05136256,386
0.30875194,0.25366822,0.05508366,0.30212718,0.25112656,0.051000617,387
0.30723047,0.2522644,0.054966077,0.30043033,0.2493809,0.051049393,388
0.30572894,0.25079975,0.05492922,0.2994688,0.24835786,0.051110953,389
0.3044625,0.24961625,0.054846182,0.29788333,0.24681428,0.051069066,390
0.3037383,0.24890186,0.05483647,0.29650274,0.24597077,0.050531983,391
0.3030471,0.2483646,0.054682463,0.29586396,0.24495399,0.05090994,392
0.3022258,0.24750873,0.054717094,0.29545504,0.24477993,0.05067512,393
0.301847,0.24726136,0.054585654,0.29526955,0.24441147,0.05085806,394
0.30158114,0.24695091,0.05463024,0.29556566,0.2448316,0.05073406,395
0.30235133,0.24781986,0.05453146,0.29625386,0.24565342,0.050600473,396
0.30325782,0.24885488,0.054402962,0.29752076,0.24685521,0.05066554,397
0.30372423,0.24931386,0.05441036,0.29696703,0.24631007,0.05065701,398
0.30456656,0.2501498,0.054416753,0.29918474,0.24874856,0.050436128,399
0.3054711,0.25107732,0.054393776,0.29872394,0.2480437,0.050680272,400
0.30447885,0.25021437,0.054264467,0.29862455,0.2483009,0.050323658,401
0.3027422,0.24851373,0.054228447,0.2951912,0.24474192,0.050449274,402
0.30054268,0.24634099,0.05420168,0.29370278,0.243418,0.050284818,403
0.2998118,0.24571133,0.054100465,0.29327577,0.24303831,0.050237473,404
0.29990062,0.24587937,0.054021176,0.293053,0.24294308,0.05010995,405
0.29967165,0.24572201,0.053949606,0.29336917,0.2433418,0.050027363,406
0.29997998,0.24597912,0.05400092,0.2928619,0.24265437,0.050207537,407
0.29959318,0.24572025,0.053872935,0.29401538,0.24426392,0.049751475,408
0.29961783,0.24578942,0.053828422,0.29324022,0.24311513,0.050125122,409
0.29926628,0.24547829,0.053787977,0.29405668,0.24403949,0.050017204,410
0.29942387,0.2456778,0.05374604,0.29192582,0.24232942,0.049596407,411
0.29954427,0.24579154,0.05375271,0.29277417,0.24287254,0.04990167,412
0.29872298,0.24506068,0.05366235,0.29206344,0.24240094,0.0496625,413
0.29664233,0.2430742,0.053568125,0.2906154,0.24097924,0.049636204,414
0.29532236,0.2418021,0.053520262,0.28872603,0.23876433,0.04996172,415
0.29585254,0.24236076,0.053491794,0.2898659,0.24042168,0.04944423,416
0.29469466,0.24127316,0.053421497,0.28748307,0.23778269,0.04970034,417
0.29355958,0.2401918,0.053367786,0.2864779,0.2369113,0.049566586,418
0.2921978,0.23887143,0.05332641,0.28660136,0.23682325,0.049778167,419
0.2917266,0.23844749,0.05327913,0.2853252,0.23585856,0.04946665,420
0.2921187,0.2388818,0.05323692,0.28529286,0.23591626,0.04937659,421
0.2916617,0.23856872,0.053092983,0.28528228,0.23600681,0.049275476,422
0.29240626,0.23930652,0.053099737,0.286613,0.23727104,0.04934196,423
0.29316273,0.24004129,0.053121425,0.2869144,0.23788375,0.049030684,424
0.29295692,0.23984322,0.05311365,0.2875208,0.2383458,0.04917499,425
0.29286996,0.23987342,0.052996475,0.28615528,0.23658769,0.049567614,426
0.29161683,0.23867798,0.052938864,0.28518456,0.23589446,0.04929014,427
0.2920616,0.2392672,0.052794363,0.2853185,0.23644799,0.048870478,428
0.2896356,0.23677352,0.05286204,0.2829918,0.23389876,0.049093064,429
0.2892585,0.23650482,0.052753676,0.28358886,0.23488288,0.048706003,430
0.29002833,0.23724827,0.05278004,0.28366497,0.23448962,0.049175326,431
0.29077864,0.2380734,0.052705247,0.28415543,0.23527053,0.04888488,432
0.29014185,0.23747475,0.05266711,0.28396073,0.23548265,0.048478097,433
0.28966832,0.23701167,0.05265667,0.2836485,0.23461421,0.04903429,434
0.28793344,0.23539287,0.05254058,0.28155932,0.23284876,0.048710566,435
0.28769064,0.23515831,0.052532375,0.28153333,0.2327335,0.048799798,436
0.2889702,0.23647758,0.05249266,0.28318438,0.2345839,0.048600502,437
0.28891504,0.23648979,0.05242526,0.28266773,0.23401281,0.048654895,438
0.28740078,0.23500115,0.052399654,0.2811343,0.2326748,0.048459522,439
0.28628698,0.23393787,0.052349083,0.28061604,0.23212819,0.04848784,440
0.2859867,0.23376042,0.05222628,0.2789365,0.23042618,0.048510313,441
0.28563505,0.23339866,0.05223638,0.27991262,0.23143247,0.048480134,442
0.28376114,0.2316248,0.05213638,0.2771316,0.22879823,0.04833336,443
0.2828621,0.23071815,0.052143972,0.27544802,0.22705239,0.048395656,444
0.28133044,0.22930652,0.052023914,0.27422395,0.22596909,0.04825484,445
0.28104022,0.22899303,0.052047186,0.2738906,0.22557119,0.04831946,446
0.27944955,0.22747602,0.051973525,0.27275518,0.22432595,0.04842926,447
0.2789126,0.22694749,0.051965162,0.27233225,0.2240868,0.04824547,448
0.27861243,0.22675727,0.05185519,0.2724505,0.22411074,0.04833977,449
0.2798658,0.22794503,0.051920746,0.27449328,0.22617415,0.04831909,450
0.27962446,0.2278123,0.051812146,0.27285802,0.22476523,0.048092812,451
0.27858502,0.2268,0.051785,0.27235258,0.2242585,0.0480941,452
0.27780846,0.22611491,0.051693544,0.27126497,0.22311245,0.048152547,453
0.2771755,0.2254763,0.051699217,0.27062437,0.22237787,0.04824649,454
0.27712363,0.22545017,0.05167345,0.26991594,0.22182348,0.048092477,455
0.27685022,0.22527297,0.051577292,0.2705538,0.22250831,0.048045475,456
0.2765152,0.2249767,0.05153846,0.26959643,0.22182637,0.047770087,457
0.27660844,0.22504993,0.051558536,0.27037436,0.22243123,0.047943108,458
0.2776394,0.2261065,0.05153289,0.27141386,0.22350979,0.047904056,459
0.2788554,0.22732921,0.051526185,0.27207115,0.22437066,0.047700457,460
0.27786765,0.22647819,0.05138945,0.27098632,0.22325309,0.047733266,461
0.2777341,0.22642623,0.05130787,0.27257863,0.22503012,0.047548495,462
0.27985367,0.22854659,0.05130708,0.27413967,0.22640498,0.047734685,463
0.2790993,0.22776276,0.051336564,0.2730945,0.22554141,0.047553092,464
0.27971718,0.2284395,0.051277697,0.27463192,0.22704,0.04759195,465
0.2792316,0.22798146,0.051250145,0.27287915,0.2251863,0.047692854,466
0.27679005,0.22560641,0.051183634,0.26989937,0.22247753,0.047421854,467
0.27575392,0.22468469,0.051069252,0.26970714,0.22205387,0.04765323,468
0.27622062,0.22511955,0.05110105,0.27043587,0.22296283,0.047473073,469
0.2894709,0.23810047,0.051370442,0.28103846,0.23308738,0.04795111,470
0.30472615,0.25300196,0.051724184,0.30446714,0.2564442,0.048022956,471
0.31517002,0.26301503,0.052154962,0.31028178,0.26150572,0.048776116,472
0.30959222,0.2577166,0.05187562,0.30283946,0.2541928,0.04864666,473
0.30445677,0.25249502,0.051961794,0.2950069,0.2468572,0.048149697,474
0.2907367,0.23920411,0.051532574,0.28274164,0.23492159,0.047820058,475
0.28634766,0.2349673,0.05138034,0.27880183,0.23103845,0.04776337,476
0.2763056,0.2251376,0.051167976,0.2687694,0.22108321,0.04768625,477
0.2692932,0.2181932,0.05109997,0.26120105,0.21398415,0.0472169,478
0.26499635,0.21415485,0.05084148,0.25720417,0.20990837,0.047295786,479
0.2618282,0.21094608,0.05088216,0.25446832,0.20726264,0.047205683,480
0.2602917,0.2094728,0.050818905,0.25301957,0.20573139,0.047288146,481
0.25969264,0.20896809,0.050724573,0.25207743,0.20497687,0.047100537,482
0.25950086,0.20882866,0.050672248,0.25191393,0.20494482,0.04696917,483
0.25938994,0.20874102,0.05064897,0.2523724,0.20529856,0.04707389,484
0.26035896,0.20969968,0.050659288,0.25276184,0.20559874,0.047163088,485
0.2608146,0.21016136,0.050653223,0.2540745,0.20720214,0.04687236,486
0.26210445,0.21148579,0.050618634,0.25513273,0.20818612,0.046946604,487
0.2624113,0.21184914,0.050562125,0.25587955,0.20881353,0.047066,488
0.26236802,0.21193874,0.050429326,0.25526193,0.20834698,0.04691497,489
0.2626259,0.21213172,0.050494183,0.25656727,0.20936462,0.04720269,490
0.26484317,0.21435918,0.050483987,0.25868997,0.21178468,0.04690527,491
0.26579985,0.21536054,0.05043933,0.25958622,0.21276887,0.046817347,492
0.26422483,0.2138807,0.05034414,0.25750825,0.21068661,0.04682164,493
0.26282343,0.212574,0.05024941,0.25677887,0.2101494,0.04662949,494
0.2628881,0.21264096,0.050247144,0.2556722,0.20890644,0.046765737,495
0.2628992,0.21270393,0.05019526,0.2566294,0.21010533,0.046524066,496
0.2636351,0.21349129,0.05014373,0.25657645,0.21014412,0.0464323,497
0.2653556,0.21524845,0.05010714,0.2592952,0.21273959,0.046555575,498
0.26227337,0.2122115,0.05006184,0.25538462,0.20907445,0.046310175,499
