feature,dataset_y,dataset_x,ml_method,n_observations,pearsonsr,skew,time
133;Doxorubicin;GDSC1,drug_response,metabolomics,rf,572,0.19746864779448606,0.544040680146566,2022-05-09 14:11:54
134;Etoposide;GDSC1,drug_response,metabolomics,rf,577,0.22076619648115597,0.3065361816221016,2022-05-09 14:13:27
135;Gemcitabine;GDSC1,drug_response,metabolomics,rf,563,0.2814495792666243,0.43251768197022994,2022-05-09 14:14:58
136;Mitomycin-C;GDSC1,drug_response,metabolomics,rf,571,0.20268160335998897,0.22358425240582414,2022-05-09 14:16:29
140;Vinorelbine;GDSC1,drug_response,metabolomics,rf,578,0.2015545387128644,0.6427544761876015,2022-05-09 14:18:04
147;NSC-87877;GDSC1,drug_response,metabolomics,rf,577,0.20218840036256885,-0.8698600383731496,2022-05-09 14:19:40
150;Bicalutamide;GDSC1,drug_response,metabolomics,rf,572,0.34003837630990386,-0.1970183449069991,2022-05-09 14:21:16
151;QS11;GDSC1,drug_response,metabolomics,rf,573,0.3238411592680282,-0.07068075128071682,2022-05-09 14:22:47
152;CP466722;GDSC1,drug_response,metabolomics,rf,590,0.3426491310504768,0.4060404642174087,2022-05-09 14:24:28
153;Midostaurin;GDSC1,drug_response,metabolomics,rf,579,0.19740358832438,0.12119760630389101,2022-05-09 14:26:05
154;CHIR-99021;GDSC1,drug_response,metabolomics,rf,576,0.21403086384045533,-1.0976225785487295,2022-05-09 14:27:45
155;Ponatinib;GDSC1,drug_response,metabolomics,rf,576,0.3705472643362874,-1.703308687400814,2022-05-09 14:29:28
156;AZD6482;GDSC1,drug_response,metabolomics,rf,577,0.2224501797424085,-0.4650672348091443,2022-05-09 14:31:20
157;JNK-9L;GDSC1,drug_response,metabolomics,rf,577,0.15307895170117575,1.2072906199943596,2022-05-09 14:33:28
158;PF-562271;GDSC1,drug_response,metabolomics,rf,567,0.24483061438122894,0.22855533381950138,2022-05-09 14:35:33
159;HG6-64-1;GDSC1,drug_response,metabolomics,rf,576,0.2693244615384741,0.005540157142291927,2022-05-09 14:37:33
163;JQ1;GDSC1,drug_response,metabolomics,rf,577,0.18894437886242638,0.3691479943050443,2022-05-09 14:39:43
164;JQ12;GDSC1,drug_response,metabolomics,rf,576,0.2653085193964929,0.16605581804644554,2022-05-09 14:41:42
165;DMOG;GDSC1,drug_response,metabolomics,rf,575,0.3508859328743649,0.1670347983626351,2022-05-09 14:43:54
166;FTI-277;GDSC1,drug_response,metabolomics,rf,578,0.1850599821508299,-0.5940858867449629,2022-05-09 14:45:51
167;OSU-03012;GDSC1,drug_response,metabolomics,rf,571,0.2593400139784132,0.9390495907090352,2022-05-09 14:47:36
170;Shikonin;GDSC1,drug_response,metabolomics,rf,573,0.1644987156769094,0.7956866895667905,2022-05-09 14:49:28
171;AKT inhibitor VIII;GDSC1,drug_response,metabolomics,rf,577,0.05991226688413689,-0.35339661178741394,2022-05-09 14:51:19
172;Embelin;GDSC1,drug_response,metabolomics,rf,574,0.21207424604166286,0.8634928500792964,2022-05-09 14:53:13
173;FH535;GDSC1,drug_response,metabolomics,rf,570,0.3374372377566375,0.784795339742457,2022-05-09 14:55:07
175;PAC-1;GDSC1,drug_response,metabolomics,rf,567,0.4199402208052886,-0.3521042597845297,2022-05-09 14:56:53
176;IPA-3;GDSC1,drug_response,metabolomics,rf,571,0.22660812492226162,0.09557960048572564,2022-05-09 14:58:45
177;GSK650394;GDSC1,drug_response,metabolomics,rf,566,0.24415792826106641,-0.10614795827150021,2022-05-09 15:00:28
178;BAY-61-3606;GDSC1,drug_response,metabolomics,rf,572,0.29393835351337794,0.21937777032308134,2022-05-09 15:02:21
179;5-Fluorouracil;GDSC1,drug_response,metabolomics,rf,589,0.40991080452837625,-0.24168095698951292,2022-05-09 15:04:07
180;Thapsigargin;GDSC1,drug_response,metabolomics,rf,560,0.2430193321669293,0.9530764118794242,2022-05-09 15:05:56
182;Obatoclax Mesylate;GDSC1,drug_response,metabolomics,rf,568,0.25528795487910005,0.6779799584099511,2022-05-09 15:07:41
184;BMS-754807;GDSC1,drug_response,metabolomics,rf,567,0.14720994808850418,-0.3751423451703874,2022-05-09 15:09:41
185;Linsitinib;GDSC1,drug_response,metabolomics,rf,570,0.1180991186973139,-0.9410861232860153,2022-05-09 15:11:43
186;Bexarotene;GDSC1,drug_response,metabolomics,rf,568,0.2294580758078641,-0.787552516497111,2022-05-09 15:13:36
190;Bleomycin;GDSC1,drug_response,metabolomics,rf,564,0.16059038275843707,0.2385001029592259,2022-05-09 15:15:19
192;LFM-A13;GDSC1,drug_response,metabolomics,rf,574,0.23508002469536976,-0.18890017726902789,2022-05-09 15:17:14
193;GW-2580;GDSC1,drug_response,metabolomics,rf,591,0.2914951366857274,-2.0350486736082507,2022-05-09 15:19:05
194;Luminespib;GDSC1,drug_response,metabolomics,rf,567,0.22949698817223957,1.1553361413829104,2022-05-09 15:21:06
196;Phenformin;GDSC1,drug_response,metabolomics,rf,581,0.32165782055119496,-0.03963134174988496,2022-05-09 15:22:57
197;Bryostatin 1;GDSC1,drug_response,metabolomics,rf,573,0.14362974539779821,-0.6075521568617755,2022-05-09 15:24:46
199;Pazopanib;GDSC1,drug_response,metabolomics,rf,570,0.13785352075319862,-1.0157751287399308,2022-05-09 15:26:44
200;Dacinostat;GDSC1,drug_response,metabolomics,rf,573,0.297876255748887,1.1572138086734887,2022-05-09 15:28:32
201;Epothilone B;GDSC1,drug_response,metabolomics,rf,569,0.27554349736147615,0.486533798446359,2022-05-09 15:30:16
202;GSK1904529A;GDSC1,drug_response,metabolomics,rf,572,0.2194596159341836,-0.44300351976430413,2022-05-09 15:32:15
203;BMS-345541;GDSC1,drug_response,metabolomics,rf,591,0.43780771182844525,0.06563694437929646,2022-05-09 15:34:04
204;Tipifarnib;GDSC1,drug_response,metabolomics,rf,574,0.119306650503695,0.25128616064985904,2022-05-09 15:35:56
205;Avagacestat;GDSC1,drug_response,metabolomics,rf,591,0.3993461078080861,-0.9393650659015927,2022-05-09 15:37:52
206;Ruxolitinib;GDSC1,drug_response,metabolomics,rf,591,0.3541548670323233,-3.0700247394095372,2022-05-09 15:39:56
207;AS601245;GDSC1,drug_response,metabolomics,rf,571,0.11346502033905197,0.6301775345929069,2022-05-09 15:41:49
208;Ispinesib Mesylate;GDSC1,drug_response,metabolomics,rf,587,0.39083914330566627,0.0904162799865851,2022-05-09 15:43:41
211;TL-2-105;GDSC1,drug_response,metabolomics,rf,590,0.5051578440929622,-1.4175192925539561,2022-05-09 15:45:49
219;AT-7519;GDSC1,drug_response,metabolomics,rf,578,0.44750401151879887,0.26493423767911056,2022-05-09 15:47:43
221;TAK-715;GDSC1,drug_response,metabolomics,rf,590,0.427889100222842,0.01676395679881648,2022-05-09 15:49:41
222;BX-912;GDSC1,drug_response,metabolomics,rf,591,0.5045474961610847,-0.6900559638098499,2022-05-09 15:51:49
223;ZSTK474;GDSC1,drug_response,metabolomics,rf,587,0.3176926291750974,-0.10206218520591231,2022-05-09 15:54:01
224;AS605240;GDSC1,drug_response,metabolomics,rf,586,0.2543437884170767,-0.6238347384681295,2022-05-09 15:56:11
225;Genentech Cpd 10;GDSC1,drug_response,metabolomics,rf,588,0.3606708327814209,0.00815406419011529,2022-05-09 15:58:07
226;GSK1070916;GDSC1,drug_response,metabolomics,rf,564,0.46942220503890636,-1.284611439108489,2022-05-09 16:00:24
228;AKT inhibitor VIII;GDSC1,drug_response,metabolomics,rf,588,0.46818638700416215,-0.22959412879679408,2022-05-09 16:02:27
229;Enzastaurin;GDSC1,drug_response,metabolomics,rf,588,0.32271061350307517,-0.12806855734703906,2022-05-09 16:04:09
230;GSK429286A;GDSC1,drug_response,metabolomics,rf,589,0.47816182125447765,-1.0587863329597116,2022-05-09 16:06:01
231;FMK;GDSC1,drug_response,metabolomics,rf,533,0.355856024113862,-0.5352849214845249,2022-05-09 16:07:47
235;QL-XII-47;GDSC1,drug_response,metabolomics,rf,583,0.28344688497213394,0.3912158266356927,2022-05-09 16:09:29
236;IC-87114;GDSC1,drug_response,metabolomics,rf,591,0.34553282587836215,-2.2586886613114756,2022-05-09 16:11:21
238;Idelalisib;GDSC1,drug_response,metabolomics,rf,590,0.35622205893046865,-1.248362892626824,2022-05-09 16:13:07
245;UNC0638;GDSC1,drug_response,metabolomics,rf,587,0.42827521141288794,0.6967589432256494,2022-05-09 16:15:00
249;Cabozantinib;GDSC1,drug_response,metabolomics,rf,591,0.27235943796293,-1.2672148594047772,2022-05-09 16:16:58
252;WZ3105;GDSC1,drug_response,metabolomics,rf,591,0.3973912100754198,0.3295362255157669,2022-05-09 16:18:37
253;XMD14-99;GDSC1,drug_response,metabolomics,rf,591,0.4860321948177825,-1.0398175884536813,2022-05-09 16:20:25
254;Quizartinib;GDSC1,drug_response,metabolomics,rf,591,0.38112088942615807,-3.527451028823288,2022-05-09 16:22:42
255;CP724714;GDSC1,drug_response,metabolomics,rf,591,0.2604726883332079,-1.570430553413445,2022-05-09 16:24:41
256;JW-7-24-1;GDSC1,drug_response,metabolomics,rf,591,0.3954035996308646,0.4499117450964956,2022-05-09 16:26:35
257;NPK76-II-72-1;GDSC1,drug_response,metabolomics,rf,591,0.5263395726345964,-0.38947761531420805,2022-05-09 16:28:30
258;STF-62247;GDSC1,drug_response,metabolomics,rf,589,0.4542265896707323,-1.0030142379377327,2022-05-09 16:30:36
260;NG-25;GDSC1,drug_response,metabolomics,rf,592,0.45943445124877746,-1.24872862199325,2022-05-09 16:32:23
261;TL-1-85;GDSC1,drug_response,metabolomics,rf,592,0.48590938311158993,-1.6775036193706943,2022-05-09 16:34:34
262;VX-11e;GDSC1,drug_response,metabolomics,rf,592,0.30653462419776545,-0.7048907389176828,2022-05-09 16:36:43
263;FR-180204;GDSC1,drug_response,metabolomics,rf,592,0.31605088316978636,-0.8493629196823375,2022-05-09 16:38:49
264;ACY-1215;GDSC1,drug_response,metabolomics,rf,594,0.4868207353338455,0.5788131131440064,2022-05-09 16:40:55
265;Tubastatin A;GDSC1,drug_response,metabolomics,rf,589,0.5493933730380208,-0.6861638686049142,2022-05-09 16:42:54
266;Zibotentan;GDSC1,drug_response,metabolomics,rf,592,0.44838491447114626,-0.8610365601495689,2022-05-09 16:44:44
268;Sepantronium bromide;GDSC1,drug_response,metabolomics,rf,566,0.08629503577533101,1.3698115920164975,2022-05-09 16:46:39
269;NSC-207895;GDSC1,drug_response,metabolomics,rf,588,0.32380703733135524,-0.25934635347036195,2022-05-09 16:48:18
271;VNLG/124;GDSC1,drug_response,metabolomics,rf,587,0.46028474351594706,-2.578888830191009,2022-05-09 16:50:08
272;AR-42;GDSC1,drug_response,metabolomics,rf,582,0.3783979878791082,0.7210317258811018,2022-05-09 16:52:02
273;CUDC-101;GDSC1,drug_response,metabolomics,rf,579,0.35948528729915274,0.5338773253699184,2022-05-09 16:53:51
274;Belinostat;GDSC1,drug_response,metabolomics,rf,575,0.26952167134520183,1.028613175667535,2022-05-09 16:55:45
275;I-BET-762;GDSC1,drug_response,metabolomics,rf,588,0.5563944432085655,-0.6582210113650125,2022-05-09 16:57:34
276;CAY10603;GDSC1,drug_response,metabolomics,rf,585,0.3370348097984022,0.747621814515445,2022-05-09 16:59:32
277;Linifanib;GDSC1,drug_response,metabolomics,rf,591,0.29194772985967987,-4.192980808738899,2022-05-09 17:01:38
279;BIX02189;GDSC1,drug_response,metabolomics,rf,591,0.47387798666558173,-0.8078507987363078,2022-05-09 17:03:33
281;Alectinib;GDSC1,drug_response,metabolomics,rf,588,0.28695142174837185,-3.0023289407595612,2022-05-09 17:05:31
282;Pelitinib;GDSC1,drug_response,metabolomics,rf,591,0.27334963260466666,-0.43981635234811334,2022-05-09 17:07:34
283;Omipalisib;GDSC1,drug_response,metabolomics,rf,591,0.2288721848612048,0.2716071375344149,2022-05-09 17:09:37
284;JNJ38877605;GDSC1,drug_response,metabolomics,rf,593,0.0767884352639781,-0.8219959700585664,2022-05-09 17:11:34
285;SU11274;GDSC1,drug_response,metabolomics,rf,595,0.2921156113219137,-0.3914502923935271,2022-05-09 17:13:23
286;KIN001-236;GDSC1,drug_response,metabolomics,rf,592,0.48573572961404904,-0.7156904404817044,2022-05-09 17:15:11
287;KIN001-244;GDSC1,drug_response,metabolomics,rf,592,0.4218200343689687,-0.3064526947255466,2022-05-09 17:16:59
288;WHI-P97;GDSC1,drug_response,metabolomics,rf,592,0.1084615494899875,-0.8366710663635374,2022-05-09 17:18:47
289;KIN001-042;GDSC1,drug_response,metabolomics,rf,595,0.19817424364536657,-0.6484104715841631,2022-05-09 17:20:33
290;KIN001-260;GDSC1,drug_response,metabolomics,rf,592,0.5189348111392759,-0.9669408170766632,2022-05-09 17:22:19
291;KIN001-266;GDSC1,drug_response,metabolomics,rf,591,0.24882899889929494,0.6921800159539758,2022-05-09 17:24:04
292;Masitinib;GDSC1,drug_response,metabolomics,rf,590,0.46205488017824736,-0.8722179519951818,2022-05-09 17:25:48
293;Amuvatinib;GDSC1,drug_response,metabolomics,rf,588,0.3379106720350877,-0.965601432767813,2022-05-09 17:27:31
294;MPS-1-IN-1;GDSC1,drug_response,metabolomics,rf,592,0.3962582397061601,-0.011991196914762942,2022-05-09 17:29:11
295;NVP-BHG712;GDSC1,drug_response,metabolomics,rf,592,0.4414490873913909,-1.2000182829067314,2022-05-09 17:30:58
298;OSI-930;GDSC1,drug_response,metabolomics,rf,590,0.43669283795808783,-1.2824868706114323,2022-05-09 17:32:41
299;OSI-027;GDSC1,drug_response,metabolomics,rf,583,0.35713748371043924,0.18745918399184455,2022-05-09 17:34:19
300;CX-5461;GDSC1,drug_response,metabolomics,rf,588,0.4089988879682675,-0.6746600393472779,2022-05-09 17:36:00
301;PHA-793887;GDSC1,drug_response,metabolomics,rf,590,0.4908624705027075,-0.42780501259962,2022-05-09 17:37:42
302;PI-103;GDSC1,drug_response,metabolomics,rf,585,0.35363909312923625,0.12885754391338644,2022-05-09 17:39:20
303;PIK-93;GDSC1,drug_response,metabolomics,rf,591,0.4892509535421034,-0.41136324776005134,2022-05-09 17:41:06
304;SB52334;GDSC1,drug_response,metabolomics,rf,589,0.23705301925816027,-0.8121702986049323,2022-05-09 17:42:48
305;TPCA-1;GDSC1,drug_response,metabolomics,rf,592,0.44984919262335554,-0.4173749370557913,2022-05-09 17:44:30
306;Fedratinib;GDSC1,drug_response,metabolomics,rf,591,0.4672293076350029,-0.18369289894276147,2022-05-09 17:46:16
308;Foretinib;GDSC1,drug_response,metabolomics,rf,590,0.26272187778574246,0.45807890271606316,2022-05-09 17:48:06
309;Y-39983;GDSC1,drug_response,metabolomics,rf,592,0.48500861467843437,-0.8287791450601736,2022-05-09 17:49:50
310;YM201636;GDSC1,drug_response,metabolomics,rf,592,0.4020426140845769,0.0850027785919502,2022-05-09 17:51:31
312;Tivozanib;GDSC1,drug_response,metabolomics,rf,590,0.45465687637376273,-2.2560299313693446,2022-05-09 17:53:22
317;WYE-125132;GDSC1,drug_response,metabolomics,rf,588,0.3372337878495612,0.3756787181792903,2022-05-09 17:55:00
326;GSK690693;GDSC1,drug_response,metabolomics,rf,587,0.4570336585867304,-1.4633667924914278,2022-05-09 17:56:47
328;SNX-2112;GDSC1,drug_response,metabolomics,rf,585,0.40319968086834884,0.3019703284956679,2022-05-09 17:58:25
329;QL-XI-92;GDSC1,drug_response,metabolomics,rf,591,0.4659272594264999,-0.691695957434436,2022-05-09 18:00:09
330;XMD13-2;GDSC1,drug_response,metabolomics,rf,591,0.47923134974495796,-0.29155672785949754,2022-05-09 18:01:49
331;QL-X-138;GDSC1,drug_response,metabolomics,rf,585,0.3515266324260505,0.2945472457067937,2022-05-09 18:03:32
332;XMD15-27;GDSC1,drug_response,metabolomics,rf,591,0.46223829188389864,-0.9210956736931706,2022-05-09 18:05:18
333;T0901317;GDSC1,drug_response,metabolomics,rf,587,0.4777726082149594,-1.7247237880562327,2022-05-09 18:07:01
341;Selisistat;GDSC1,drug_response,metabolomics,rf,588,0.374543789567465,-0.8370479440452122,2022-05-09 18:08:43
342;Tenovin-6;GDSC1,drug_response,metabolomics,rf,595,0.30391638656051045,1.1652437978963037,2022-05-09 18:10:31
344;THZ-2-49;GDSC1,drug_response,metabolomics,rf,582,0.34467164127752536,0.0563269475007901,2022-05-09 18:12:09
345;KIN001-270;GDSC1,drug_response,metabolomics,rf,592,0.49635855985839694,-0.5684012368153059,2022-05-09 18:13:49
346;THZ-2-102-1;GDSC1,drug_response,metabolomics,rf,578,0.3894458518732348,0.49630414897920616,2022-05-09 18:15:36
356;AT7867;GDSC1,drug_response,metabolomics,rf,595,0.34607639304520943,0.2001077372670725,2022-05-09 18:17:14
362;CI-1033;GDSC1,drug_response,metabolomics,rf,594,0.1912543374000884,0.15711055179527797,2022-05-09 18:18:59
363;PF-00299804;GDSC1,drug_response,metabolomics,rf,592,0.19120213583405016,-0.380294644352243,2022-05-09 18:20:49
366;TWS119;GDSC1,drug_response,metabolomics,rf,595,0.13160210771223785,0.25894804811030825,2022-05-09 18:22:35
371;Torin 2;GDSC1,drug_response,metabolomics,rf,566,0.3035103397323665,0.8646795616074254,2022-05-09 18:24:13
372;Pilaralisib;GDSC1,drug_response,metabolomics,rf,595,0.20898780134623474,0.16010451335473252,2022-05-09 18:25:57
374;GSK1059615;GDSC1,drug_response,metabolomics,rf,587,0.2989352771504291,0.27260968909209005,2022-05-09 18:27:41
375;Voxtalisib;GDSC1,drug_response,metabolomics,rf,595,0.2963896407071467,-0.15309059811147266,2022-05-09 18:29:21
"376;Brivanib, BMS-540215;GDSC1",drug_response,metabolomics,rf,594,0.39074579752340755,-0.2711884196611306,2022-05-09 18:31:02
380;BIBF-1120;GDSC1,drug_response,metabolomics,rf,595,0.27941208073630147,-0.20781416552206028,2022-05-09 18:32:44
381;AST-1306;GDSC1,drug_response,metabolomics,rf,589,0.13004991850800343,0.008182437803793397,2022-05-09 18:34:39
382;Apitolisib;GDSC1,drug_response,metabolomics,rf,586,0.27359919465114013,0.9094032139444391,2022-05-09 18:36:25
406;LIMK1 inhibitor BMS4;GDSC1,drug_response,metabolomics,rf,595,0.2558527880898055,-0.949980283671975,2022-05-09 18:38:12
407;kb NB 142-70;GDSC1,drug_response,metabolomics,rf,595,0.376050821215004,0.8384752934579978,2022-05-09 18:39:55
408;Sphingosine Kinase 1 Inhibitor II;GDSC1,drug_response,metabolomics,rf,595,0.4024419092275492,-0.04371887564419714,2022-05-09 18:41:37
"409;eEF2K Inhibitor, A-484954;GDSC1",drug_response,metabolomics,rf,593,0.46463686376246605,-0.02494298024450701,2022-05-09 18:43:19
"410;MetAP2 Inhibitor, A832234;GDSC1",drug_response,metabolomics,rf,587,0.2996022260001814,-0.08689018382068163,2022-05-09 18:45:01
412;Venotoclax;GDSC1,drug_response,metabolomics,rf,588,0.5888561757786425,-3.165913051424873,2022-05-09 18:46:56
415;CPI-613;GDSC1,drug_response,metabolomics,rf,591,0.1581930893801803,1.115180020341528,2022-05-09 18:48:45
416;CAY10566;GDSC1,drug_response,metabolomics,rf,586,0.362884921346299,-2.188094337381733,2022-05-09 18:50:37
427;Ara-G;GDSC1,drug_response,metabolomics,rf,588,0.5493008479598924,-2.355770009628008,2022-05-09 18:52:26
428;Pemetrexed;GDSC1,drug_response,metabolomics,rf,582,0.4710900190831149,-1.0530329747156506,2022-05-09 18:54:06
431;Alisertib;GDSC1,drug_response,metabolomics,rf,581,0.37716422214897777,-1.0749980586354504,2022-05-09 18:55:51
432;Flavopiridol;GDSC1,drug_response,metabolomics,rf,587,0.29644348070956433,1.1232642510818394,2022-05-09 18:57:35
435;C-75;GDSC1,drug_response,metabolomics,rf,591,0.38303621524953535,-0.16787739047885528,2022-05-09 18:59:11
"436;CAP-232, TT-232, TLN-232;GDSC1",drug_response,metabolomics,rf,590,0.245625968305737,0.08315515198417398,2022-05-09 19:00:48
437;Trichostatin A;GDSC1,drug_response,metabolomics,rf,589,0.1962920823188258,0.4533019764742302,2022-05-09 19:02:31
438;Panobinostat;GDSC1,drug_response,metabolomics,rf,587,0.3868131236345918,0.8450731539067647,2022-05-09 19:04:13
439;LCL161;GDSC1,drug_response,metabolomics,rf,589,0.19093871520855982,-2.1575466330446664,2022-05-09 19:06:06
442;IMD-0354;GDSC1,drug_response,metabolomics,rf,590,0.3395171769355195,1.070714099523924,2022-05-09 19:07:45
446;MIM1;GDSC1,drug_response,metabolomics,rf,583,0.3485121826870662,0.5380908279585535,2022-05-09 19:09:24
447;ETP-45835;GDSC1,drug_response,metabolomics,rf,594,0.37994299064002346,-0.03311470560385185,2022-05-09 19:11:06
449;CD532;GDSC1,drug_response,metabolomics,rf,595,0.39838562681475864,0.05243677462159527,2022-05-09 19:12:45
461;NSC319726;GDSC1,drug_response,metabolomics,rf,568,0.40658429052031736,-0.0998722859015735,2022-05-09 19:14:19
474;ARRY-520;GDSC1,drug_response,metabolomics,rf,586,0.341275287542114,0.09525152843302064,2022-05-09 19:15:59
476;SB505124;GDSC1,drug_response,metabolomics,rf,587,0.3910073996424129,0.03316635605300625,2022-05-09 19:17:35
477;A-83-01;GDSC1,drug_response,metabolomics,rf,588,0.22966940088134793,-0.0011036648743320994,2022-05-09 19:19:19
478;LDN-193189;GDSC1,drug_response,metabolomics,rf,589,0.26254304872824613,0.06664605464962703,2022-05-09 19:20:59
546;FTY-720;GDSC1,drug_response,metabolomics,rf,591,0.2471091308913282,0.517512852690387,2022-05-09 19:22:44
552;BAM7;GDSC1,drug_response,metabolomics,rf,591,0.1312056624421733,-0.5377544413289937,2022-05-09 19:24:27
562;AGI-6780;GDSC1,drug_response,metabolomics,rf,591,0.33743710452737075,-0.07329688284765332,2022-05-09 19:26:10
563;Kobe2602;GDSC1,drug_response,metabolomics,rf,589,0.270773318769573,-0.06986293954252479,2022-05-09 19:27:56
573;LGK974;GDSC1,drug_response,metabolomics,rf,587,0.34999581792332457,-0.2290540375620161,2022-05-09 19:29:37
574;Wnt-C59;GDSC1,drug_response,metabolomics,rf,589,0.2602291154265185,-0.4475168551837893,2022-05-09 19:31:22
576;RU-SKI 43;GDSC1,drug_response,metabolomics,rf,591,0.4192492595560903,-0.36680869530033217,2022-05-09 19:33:00
1001;AICA Ribonucleotide;GDSC1,drug_response,metabolomics,rf,602,0.44634721792689885,0.04516540689542173,2022-05-09 19:34:43
1003;Camptothecin;GDSC2,drug_response,metabolomics,rf,631,0.4493807459875637,0.3934543721011728,2022-05-09 19:36:26
1004;Vinblastine;GDSC1,drug_response,metabolomics,rf,607,0.35172700126624196,0.5608907374699638,2022-05-09 19:38:09
1004;Vinblastine;GDSC2,drug_response,metabolomics,rf,511,0.4601367751162101,0.6427615351998316,2022-05-09 19:39:38
1005;Cisplatin;GDSC1,drug_response,metabolomics,rf,608,0.36384006455391316,0.3449525498781347,2022-05-09 19:41:19
1005;Cisplatin;GDSC2,drug_response,metabolomics,rf,524,0.5250971233903443,0.041551692694883985,2022-05-09 19:42:48
1006;Cytarabine;GDSC1,drug_response,metabolomics,rf,602,0.35055255627805276,0.057260462614808647,2022-05-09 19:44:37
1006;Cytarabine;GDSC2,drug_response,metabolomics,rf,513,0.5476231713632955,-0.374561253638953,2022-05-09 19:46:07
1007;Docetaxel;GDSC1,drug_response,metabolomics,rf,607,0.4487428364168652,0.31966772360424267,2022-05-09 19:47:45
1007;Docetaxel;GDSC2,drug_response,metabolomics,rf,629,0.3797005012265102,0.5781944121455445,2022-05-09 19:49:28
1008;Methotrexate;GDSC1,drug_response,metabolomics,rf,608,0.602782238328952,-0.7638861166692688,2022-05-09 19:51:13
1008;Methotrexate;GDSC2,drug_response,metabolomics,rf,578,0.40918562936342806,-0.13848311299757032,2022-05-09 19:52:46
1009;Tretinoin;GDSC1,drug_response,metabolomics,rf,604,0.41105409857880393,-1.402504313248975,2022-05-09 19:54:30
1010;Gefitinib;GDSC1,drug_response,metabolomics,rf,605,0.19660766375799135,-0.7773863768515231,2022-05-09 19:56:17
1010;Gefitinib;GDSC2,drug_response,metabolomics,rf,623,0.19956890868441088,-0.8457726880768751,2022-05-09 19:58:06
1011;Navitoclax;GDSC1,drug_response,metabolomics,rf,605,0.47550854858912495,-0.9501224203985997,2022-05-09 19:59:49
1011;Navitoclax;GDSC2,drug_response,metabolomics,rf,629,0.5681576020436545,-0.4864716231164388,2022-05-09 20:01:31
1012;Vorinostat;GDSC1,drug_response,metabolomics,rf,608,0.4758371574104386,0.2977377319429431,2022-05-09 20:03:12
1012;Vorinostat;GDSC2,drug_response,metabolomics,rf,624,0.5608131016606432,0.45018856458423956,2022-05-09 20:04:57
1013;Nilotinib;GDSC1,drug_response,metabolomics,rf,608,0.4388659780082998,-3.516891817772593,2022-05-09 20:06:46
1013;Nilotinib;GDSC2,drug_response,metabolomics,rf,621,0.4784776132175299,-1.5370258179851983,2022-05-09 20:08:32
1014;Refametinib;GDSC1,drug_response,metabolomics,rf,594,0.34709814838625913,-0.4186522834892014,2022-05-09 20:10:13
1014;Refametinib;GDSC2,drug_response,metabolomics,rf,362,0.2568892707224431,-0.3863381795085475,2022-05-09 20:11:28
1015;CI-1040;GDSC1,drug_response,metabolomics,rf,598,0.3372640476893415,-0.5643377830138125,2022-05-09 20:13:10
1016;Temsirolimus;GDSC1,drug_response,metabolomics,rf,599,0.37170684509648777,-0.2548788679447406,2022-05-09 20:14:56
1016;Temsirolimus;GDSC2,drug_response,metabolomics,rf,358,0.2700190399461621,-0.3847265008334041,2022-05-09 20:16:11
1017;Olaparib;GDSC1,drug_response,metabolomics,rf,607,0.38452565481121165,-0.6724357159820524,2022-05-09 20:17:53
1017;Olaparib;GDSC2,drug_response,metabolomics,rf,629,0.5287502984158434,-0.49635037489835415,2022-05-09 20:19:37
1018;Veliparib;GDSC1,drug_response,metabolomics,rf,608,0.3918053491057945,-0.46045146769772216,2022-05-09 20:21:20
1018;Veliparib;GDSC2,drug_response,metabolomics,rf,364,0.49764122770484304,-0.17134303916007942,2022-05-09 20:22:35
1019;Bosutinib;GDSC1,drug_response,metabolomics,rf,609,0.28436513564083254,-0.2844158873191974,2022-05-09 20:24:17
1019;Bosutinib;GDSC2,drug_response,metabolomics,rf,364,0.4337782915375593,-1.1921254901736564,2022-05-09 20:25:33
1020;Lenalidomide;GDSC1,drug_response,metabolomics,rf,608,0.40908072636041465,-0.9353756083208381,2022-05-09 20:27:16
1020;Lenalidomide;GDSC2,drug_response,metabolomics,rf,364,0.5178269719786799,-0.43254465022030986,2022-05-09 20:28:28
1021;Axitinib;GDSC1,drug_response,metabolomics,rf,603,0.33510372254271753,-1.422956590843285,2022-05-09 20:30:11
1021;Axitinib;GDSC2,drug_response,metabolomics,rf,625,0.5753430580097862,-0.5068215079153365,2022-05-09 20:31:53
1022;AZD7762;GDSC1,drug_response,metabolomics,rf,607,0.3314405843503199,-0.15303251802622178,2022-05-09 20:33:40
1022;AZD7762;GDSC2,drug_response,metabolomics,rf,626,0.4902317427342136,0.213903102734056,2022-05-09 20:35:28
1023;GW441756;GDSC1,drug_response,metabolomics,rf,607,-0.013086470672473548,-1.3656716697348907,2022-05-09 20:37:21
1023;GW441756;GDSC2,drug_response,metabolomics,rf,620,0.3868150883390518,-0.5135650171525799,2022-05-09 20:39:03
1024;Lestaurtinib;GDSC1,drug_response,metabolomics,rf,606,0.3670049347533696,0.06886410849894432,2022-05-09 20:40:48
1024;Lestaurtinib;GDSC2,drug_response,metabolomics,rf,363,0.4440948920450862,0.05929647231528684,2022-05-09 20:42:01
1025;SB216763;GDSC1,drug_response,metabolomics,rf,555,0.28354630559830846,-0.5498823274379571,2022-05-09 20:43:36
1025;SB216763;GDSC2,drug_response,metabolomics,rf,623,0.4156939823678,-0.46824198423693736,2022-05-09 20:45:22
1026;Tanespimycin;GDSC1,drug_response,metabolomics,rf,605,0.44907954690089263,0.07439341689446574,2022-05-09 20:47:02
1026;Tanespimycin;GDSC2,drug_response,metabolomics,rf,364,0.2282867178984036,0.2816537852356548,2022-05-09 20:48:15
1028;VX-702;GDSC1,drug_response,metabolomics,rf,605,0.48079934590733975,-1.049308317191091,2022-05-09 20:50:02
1029;Motesanib;GDSC1,drug_response,metabolomics,rf,604,0.1330105745286902,-1.8560339643554813,2022-05-09 20:52:06
1029;Motesanib;GDSC2,drug_response,metabolomics,rf,364,0.5256647585935282,-2.4127877130640836,2022-05-09 20:53:26
1030;KU-55933;GDSC1,drug_response,metabolomics,rf,606,0.3312197042377757,-0.023523225096848618,2022-05-09 20:55:30
1030;KU-55933;GDSC2,drug_response,metabolomics,rf,622,0.5052160903269418,-0.23419143674708154,2022-05-09 20:57:11
1031;Elesclomol;GDSC1,drug_response,metabolomics,rf,603,0.3722383218841435,0.45712616156979496,2022-05-09 20:58:50
1032;Afatinib;GDSC1,drug_response,metabolomics,rf,607,0.23183426241949506,-1.5734396794504097,2022-05-09 21:00:39
1032;Afatinib;GDSC2,drug_response,metabolomics,rf,629,0.3255465890067102,-0.4437441619771165,2022-05-09 21:02:25
1033;Vismodegib;GDSC1,drug_response,metabolomics,rf,609,0.3731269760398483,-0.3622646934089175,2022-05-09 21:04:08
1033;Vismodegib;GDSC2,drug_response,metabolomics,rf,364,0.41367950518730323,-0.2594450501178497,2022-05-09 21:05:19
1034;Staurosporine;GDSC2,drug_response,metabolomics,rf,632,0.34475534769947125,0.09129686845644049,2022-05-09 21:07:00
1036;PLX-4720;GDSC1,drug_response,metabolomics,rf,605,0.3068632802321126,-1.0681292459012335,2022-05-09 21:08:45
1036;PLX-4720;GDSC2,drug_response,metabolomics,rf,621,0.325748159868418,-0.5063914785546908,2022-05-09 21:10:26
1037;BX795;GDSC1,drug_response,metabolomics,rf,607,0.3864544514125363,0.264771460703713,2022-05-09 21:12:07
1038;NU7441;GDSC1,drug_response,metabolomics,rf,602,0.3229750747721768,-0.09398705184341155,2022-05-09 21:13:44
1038;NU7441;GDSC2,drug_response,metabolomics,rf,617,0.42863480260067394,0.4678730360003629,2022-05-09 21:15:24
1039;SL0101;GDSC1,drug_response,metabolomics,rf,597,0.3198574713762822,-0.27109305695559965,2022-05-09 21:17:01
1042;Doramapimod;GDSC1,drug_response,metabolomics,rf,595,0.06215615491030212,-0.4514063800521292,2022-05-09 21:18:45
1042;Doramapimod;GDSC2,drug_response,metabolomics,rf,622,0.3731946471621016,-0.5437274693158312,2022-05-09 21:20:27
1043;JNK Inhibitor VIII;GDSC1,drug_response,metabolomics,rf,604,0.2063233625338718,-0.27467705933905384,2022-05-09 21:22:07
1043;JNK Inhibitor VIII;GDSC2,drug_response,metabolomics,rf,620,0.4594407826867168,-0.5712347073503321,2022-05-09 21:23:47
1046;Wee1 Inhibitor;GDSC1,drug_response,metabolomics,rf,562,0.3082868653797466,0.07156682873006621,2022-05-09 21:25:19
1046;Wee1 Inhibitor;GDSC2,drug_response,metabolomics,rf,622,0.48081847014820667,0.7055201182463016,2022-05-09 21:26:58
1047;Nutlin-3a (-);GDSC1,drug_response,metabolomics,rf,607,0.24940874772402033,-0.6622270836217974,2022-05-09 21:28:38
1047;Nutlin-3a (-);GDSC2,drug_response,metabolomics,rf,630,0.4554714573432257,-0.9333795181268989,2022-05-09 21:30:23
1048;Mirin;GDSC1,drug_response,metabolomics,rf,554,0.4418837094325564,0.32488605766095885,2022-05-09 21:31:53
1049;PD173074;GDSC1,drug_response,metabolomics,rf,606,0.35053438048440283,-1.5002328253933277,2022-05-09 21:33:36
1049;PD173074;GDSC2,drug_response,metabolomics,rf,629,0.3740508084534236,-0.5045773831661308,2022-05-09 21:35:19
1050;ZM447439;GDSC1,drug_response,metabolomics,rf,607,0.2914790468385505,0.12680603357573106,2022-05-09 21:36:57
1050;ZM447439;GDSC2,drug_response,metabolomics,rf,617,0.4525019847220924,0.2294509020503935,2022-05-09 21:38:35
1051;Alisertib;GDSC2,drug_response,metabolomics,rf,610,0.4379329751507945,-0.4471693796037909,2022-05-09 21:40:18
1052;RO-3306;GDSC1,drug_response,metabolomics,rf,607,0.20816121101203566,-0.45978637180526594,2022-05-09 21:41:59
1052;RO-3306;GDSC2,drug_response,metabolomics,rf,622,0.48474307293364555,0.2658181303269516,2022-05-09 21:43:36
1053;MK-2206;GDSC1,drug_response,metabolomics,rf,571,0.19724528646489364,-0.21657868427231727,2022-05-09 21:45:16
1053;MK-2206;GDSC2,drug_response,metabolomics,rf,630,0.4300099391621178,-0.2417178818327699,2022-05-09 21:46:56
1054;Palbociclib;GDSC1,drug_response,metabolomics,rf,571,0.28749699852686694,0.038373113040741556,2022-05-09 21:48:50
1054;Palbociclib;GDSC2,drug_response,metabolomics,rf,629,0.5488736469184327,-0.43182602884904137,2022-05-09 21:51:03
1057;Dactolisib;GDSC1,drug_response,metabolomics,rf,599,0.38096839965938517,0.7652026503393617,2022-05-09 21:53:03
1057;Dactolisib;GDSC2,drug_response,metabolomics,rf,623,0.2838019458875428,0.6188053441306348,2022-05-09 21:55:06
1058;Pictilisib;GDSC1,drug_response,metabolomics,rf,599,0.16879861240957034,-0.10199408773461086,2022-05-09 21:57:03
1058;Pictilisib;GDSC2,drug_response,metabolomics,rf,629,0.20747894488663304,0.33708480258486434,2022-05-09 21:59:17
1059;AZD8055;GDSC1,drug_response,metabolomics,rf,601,0.3600996770734247,0.3019060333480809,2022-05-09 22:01:14
1059;AZD8055;GDSC2,drug_response,metabolomics,rf,312,0.22846236760000985,0.642360137422753,2022-05-09 22:02:32
1060;PD0325901;GDSC1,drug_response,metabolomics,rf,598,0.3438260535698414,-0.28099303765178524,2022-05-09 22:04:28
1060;PD0325901;GDSC2,drug_response,metabolomics,rf,630,0.3624521410789086,-0.558058342249445,2022-05-09 22:06:24
1061;SB590885;GDSC1,drug_response,metabolomics,rf,580,0.31957003448261784,-1.4742786403501462,2022-05-09 22:08:29
1061;SB590885;GDSC2,drug_response,metabolomics,rf,616,0.4282856528099573,-0.922855901044178,2022-05-09 22:10:39
1062;Selumetinib;GDSC1,drug_response,metabolomics,rf,563,0.3087423935651161,-0.8045965203794408,2022-05-09 22:12:23
1062;Selumetinib;GDSC2,drug_response,metabolomics,rf,364,0.2064065629448712,-0.7303665390219362,2022-05-09 22:13:40
1064;Sonolisib;GDSC2,drug_response,metabolomics,rf,615,0.2810981776229585,-0.11496371113452913,2022-05-09 22:15:36
1066;AZD6482;GDSC1,drug_response,metabolomics,rf,583,0.26622921842128905,-0.32260027363668986,2022-05-09 22:17:25
1067;CCT007093;GDSC1,drug_response,metabolomics,rf,601,0.25290542023137536,-0.49075629206270566,2022-05-09 22:19:14
1067;CCT007093;GDSC2,drug_response,metabolomics,rf,615,0.4460706808533554,0.10743682187152664,2022-05-09 22:20:54
1068;Obatoclax Mesylate;GDSC2,drug_response,metabolomics,rf,508,0.32791443755577454,0.5726492898963155,2022-05-09 22:22:21
1069;EHT-1864;GDSC1,drug_response,metabolomics,rf,604,0.2515373128057007,-0.026059230598643773,2022-05-09 22:24:02
1069;EHT-1864;GDSC2,drug_response,metabolomics,rf,616,0.38827157773092463,0.31455360860306325,2022-05-09 22:25:41
1072;Avagacestat;GDSC1,drug_response,metabolomics,rf,603,0.006053940554384051,-0.5950252136617771,2022-05-09 22:27:20
1072;Avagacestat;GDSC2,drug_response,metabolomics,rf,625,0.4004026650948466,0.004089798670841081,2022-05-09 22:29:01
1073;5-Fluorouracil;GDSC2,drug_response,metabolomics,rf,629,0.4421101534950983,-0.046010079152869414,2022-05-09 22:30:47
1074;Carboplatin;GDSC2,drug_response,metabolomics,rf,616,0.46644060056304626,-0.15613350605474843,2022-05-09 22:32:56
1078;Imatinib;GDSC2,drug_response,metabolomics,rf,364,0.358916660204341,-2.4405055202780903,2022-05-09 22:34:14
1079;Dasatinib;GDSC2,drug_response,metabolomics,rf,625,0.42399264094596967,-0.900536528478633,2022-05-09 22:36:06
1080;Paclitaxel;GDSC2,drug_response,metabolomics,rf,623,0.43529906826704334,0.39151321746039164,2022-05-09 22:38:07
1081;Sunitinib;GDSC2,drug_response,metabolomics,rf,364,0.4345715911984957,-0.581748048542811,2022-05-09 22:39:42
1082;Seliciclib;GDSC2,drug_response,metabolomics,rf,362,0.24259221722868474,0.3455275235111813,2022-05-09 22:41:02
1083;Crizotinib;GDSC2,drug_response,metabolomics,rf,629,0.4734677656390197,0.1238832532607454,2022-05-09 22:43:04
1084;Rapamycin;GDSC2,drug_response,metabolomics,rf,618,0.3632184738421683,-0.11980484273399883,2022-05-09 22:44:50
1085;Sorafenib;GDSC2,drug_response,metabolomics,rf,623,0.4939459177519102,-0.8448486691219608,2022-05-09 22:46:34
1086;BI-2536;GDSC2,drug_response,metabolomics,rf,370,0.41897082720567863,0.4023663563887403,2022-05-09 22:47:47
1088;Irinotecan;GDSC2,drug_response,metabolomics,rf,623,0.4779037462996435,0.2487833608939937,2022-05-09 22:49:30
1089;Oxaliplatin;GDSC2,drug_response,metabolomics,rf,629,0.5528627610427395,-0.1848331436281117,2022-05-09 22:51:17
1091;BMS-536924;GDSC1,drug_response,metabolomics,rf,593,0.05808801808562762,-0.29106612144189453,2022-05-09 22:53:05
1091;BMS-536924;GDSC2,drug_response,metabolomics,rf,623,0.31818503353495176,0.07703786654845154,2022-05-09 22:54:54
1092;Saracatinib;GDSC2,drug_response,metabolomics,rf,615,0.288131806970214,-0.3117378046163582,2022-05-09 22:56:38
1093;GSK1904529A;GDSC2,drug_response,metabolomics,rf,623,0.4140104889259767,-0.10068710375122406,2022-05-09 22:58:19
1094;PHA-665752;GDSC2,drug_response,metabolomics,rf,364,0.22343809896597983,0.5917945465896289,2022-05-09 22:59:32
1114;Cetuximab;GDSC1,drug_response,metabolomics,rf,558,0.1851155219359348,-2.1063036918006786,2022-05-09 23:01:11
1129;PF-4708671;GDSC1,drug_response,metabolomics,rf,599,0.17537835428312198,-0.28792163410824373,2022-05-09 23:02:53
1133;Serdemetan;GDSC1,drug_response,metabolomics,rf,600,0.21447022489919404,0.21544806408930642,2022-05-09 23:04:40
1133;Serdemetan;GDSC2,drug_response,metabolomics,rf,364,0.4120681515874245,-0.09364356132820349,2022-05-09 23:05:52
1135;AZD4547;GDSC1,drug_response,metabolomics,rf,600,0.35632044304119137,-0.7708845389777594,2022-05-09 23:07:36
1136;Capivasertib;GDSC1,drug_response,metabolomics,rf,601,0.3358520653452647,-0.3350961915156068,2022-05-09 23:09:20
1149;TW 37;GDSC1,drug_response,metabolomics,rf,601,0.3378651560882847,0.6788309719268113,2022-05-09 23:11:07
1168;Erlotinib;GDSC2,drug_response,metabolomics,rf,622,0.25446513439539,-0.2862692663867591,2022-05-09 23:12:54
1169;AZ628;GDSC2,drug_response,metabolomics,rf,615,0.4088116719532719,-0.8809457359455977,2022-05-09 23:14:40
1170;CCT-018159;GDSC1,drug_response,metabolomics,rf,599,0.35553115961420645,0.529708292855321,2022-05-09 23:16:21
1175;Rucaparib;GDSC1,drug_response,metabolomics,rf,602,0.27284760082128495,-0.5687852946572404,2022-05-09 23:18:03
1175;Rucaparib;GDSC2,drug_response,metabolomics,rf,363,0.44072796511053464,-0.23133275798155825,2022-05-09 23:19:16
1179;MK-1775;GDSC2,drug_response,metabolomics,rf,628,0.47594967510815717,0.5460448106684838,2022-05-09 23:21:00
1184;AZ20;GDSC1,drug_response,metabolomics,rf,602,0.363187644341106,0.5362538321612295,2022-05-09 23:22:44
1185;KU-60019;GDSC1,drug_response,metabolomics,rf,601,0.27833100058398763,0.630846117815299,2022-05-09 23:24:31
1190;Gemcitabine;GDSC2,drug_response,metabolomics,rf,625,0.42860355448059984,0.271533615444346,2022-05-09 23:26:14
1191;Bortezomib;GDSC2,drug_response,metabolomics,rf,623,0.3602281198029481,1.400676836711017,2022-05-09 23:28:04
1192;GSK269962A;GDSC1,drug_response,metabolomics,rf,592,0.35443946157538486,-0.34309276019432017,2022-05-09 23:29:45
1193;UNC0638;GDSC2,drug_response,metabolomics,rf,624,0.4912711335636561,0.45043540215039557,2022-05-09 23:31:26
1194;SB505124;GDSC1,drug_response,metabolomics,rf,595,0.28766300732845707,-0.44871775643656076,2022-05-09 23:33:09
1199;Tamoxifen;GDSC1,drug_response,metabolomics,rf,595,0.32740002757756714,-0.7762840909683947,2022-05-09 23:34:54
1199;Tamoxifen;GDSC2,drug_response,metabolomics,rf,623,0.3761313116745222,0.13012724538856424,2022-05-09 23:36:36
1200;Fulvestrant;GDSC2,drug_response,metabolomics,rf,626,0.4738088276519702,-0.18355224134307355,2022-05-09 23:38:18
1218;JQ1;GDSC1,drug_response,metabolomics,rf,585,0.4374987538253151,-1.6912506743007663,2022-05-09 23:40:08
1219;PFI-1;GDSC1,drug_response,metabolomics,rf,597,0.2974049360345396,0.31876678883161425,2022-05-09 23:41:50
1230;IOX2;GDSC1,drug_response,metabolomics,rf,595,0.18664816845915472,-1.7720075718720512,2022-05-09 23:43:38
1236;UNC0638;GDSC1,drug_response,metabolomics,rf,597,0.4137397808547643,0.3671300891152023,2022-05-09 23:45:21
1237;EPZ004777;GDSC2,drug_response,metabolomics,rf,623,0.49831935045681314,-0.2848867910533313,2022-05-09 23:47:04
1239;YK-4-279;GDSC1,drug_response,metabolomics,rf,515,0.27737815763064666,0.9086583143634008,2022-05-09 23:48:37
1239;YK-4-279;GDSC2,drug_response,metabolomics,rf,623,0.4496838634079687,0.65081401862696,2022-05-09 23:50:21
1241;CHIR-99021;GDSC1,drug_response,metabolomics,rf,584,0.2737289759983508,-0.2834339442785367,2022-05-09 23:51:59
1242;(5Z)-7-Oxozeaenol;GDSC1,drug_response,metabolomics,rf,585,0.3957926676116654,-0.3439615747632227,2022-05-09 23:53:43
1243;Piperlongumine;GDSC1,drug_response,metabolomics,rf,595,0.32070966906825554,1.3812612016131063,2022-05-09 23:55:27
1248;Daporinad;GDSC1,drug_response,metabolomics,rf,569,0.4996975564423001,0.10561338317081127,2022-05-09 23:57:00
1248;Daporinad;GDSC2,drug_response,metabolomics,rf,362,0.3558441494366589,0.956629241708032,2022-05-09 23:58:12
1259;Talazoparib;GDSC1,drug_response,metabolomics,rf,583,0.26754989855291694,-0.6425172070316109,2022-05-09 23:59:52
1259;Talazoparib;GDSC2,drug_response,metabolomics,rf,621,0.3991431311230655,-0.6989502830875125,2022-05-10 00:01:37
1261;rTRAIL;GDSC1,drug_response,metabolomics,rf,588,0.15826951966814806,-1.0945121485138858,2022-05-10 00:03:22
1262;UNC1215;GDSC1,drug_response,metabolomics,rf,580,0.4520946520483425,-0.2038186614196804,2022-05-10 00:05:02
1263;UNC0642;GDSC1,drug_response,metabolomics,rf,569,0.32591794644597394,-0.8160279201607866,2022-05-10 00:06:39
1264;SGC0946;GDSC1,drug_response,metabolomics,rf,579,0.3429182469549833,-0.5401810222899184,2022-05-10 00:08:17
1266;ICL1100013;GDSC1,drug_response,metabolomics,rf,585,0.3035561115695638,-0.05913746011107755,2022-05-10 00:09:56
1268;XAV939;GDSC1,drug_response,metabolomics,rf,587,0.19622939513064636,-0.5589512031831794,2022-05-10 00:11:42
1371;PLX-4720;GDSC1,drug_response,metabolomics,rf,597,0.37508946587428166,-1.1585471368337856,2022-05-10 00:13:27
1372;Trametinib;GDSC1,drug_response,metabolomics,rf,569,0.40853508713834763,-0.33786243767069374,2022-05-10 00:15:00
1372;Trametinib;GDSC2,drug_response,metabolomics,rf,629,0.4045126954341155,-0.6042782782856543,2022-05-10 00:16:47
1373;Dabrafenib;GDSC1,drug_response,metabolomics,rf,558,0.29481167652028684,-1.7619992327794238,2022-05-10 00:18:31
1373;Dabrafenib;GDSC2,drug_response,metabolomics,rf,621,0.40194075035577737,-1.31814091910553,2022-05-10 00:20:22
1374;Dabrafenib (1373) + Trametinib (1372);GDSC1,drug_response,metabolomics,rf,551,0.4170289165328166,-0.10717855138127828,2022-05-10 00:21:54
1375;Temozolomide;GDSC1,drug_response,metabolomics,rf,579,0.3787657904267444,-0.9775812093036699,2022-05-10 00:23:31
1375;Temozolomide;GDSC2,drug_response,metabolomics,rf,624,0.5636879890721437,-0.6659995408490502,2022-05-10 00:25:16
1376;Olaparib(1495) + Temozolomide(1375);GDSC1,drug_response,metabolomics,rf,580,0.3634706053146391,-0.0047477376974078235,2022-05-10 00:26:53
1377;Afatinib;GDSC1,drug_response,metabolomics,rf,585,0.23046095147808968,-1.682153064387721,2022-05-10 00:28:41
1378;Bleomycin (50 uM);GDSC1,drug_response,metabolomics,rf,597,0.46717841539108224,-0.14279962889946093,2022-05-10 00:30:17
1382;AZD3514;GDSC1,drug_response,metabolomics,rf,595,0.2960658470199261,-0.19094492189729276,2022-05-10 00:31:58
1386;Doxorubicin;GDSC1,drug_response,metabolomics,rf,598,0.3815121299231487,0.40132080596953895,2022-05-10 00:33:37
1392;Bleomycin (10 uM);GDSC1,drug_response,metabolomics,rf,595,0.47368625023992683,-0.35348683483923454,2022-05-10 00:35:12
1393;Gemcitabine;GDSC1,drug_response,metabolomics,rf,597,0.34635813310179286,0.5459278762206579,2022-05-10 00:36:52
1394;AZD6738;GDSC1,drug_response,metabolomics,rf,596,0.3661856392121079,0.31263438306347197,2022-05-10 00:38:32
1401;AZD5438;GDSC1,drug_response,metabolomics,rf,593,0.33356046610237183,0.31954539173254826,2022-05-10 00:40:12
1402;AZD7762;GDSC1,drug_response,metabolomics,rf,596,0.3712762060830053,0.5374353569469574,2022-05-10 00:41:59
1403;AZD6094;GDSC1,drug_response,metabolomics,rf,596,0.2128841687648177,-4.0761316555675435,2022-05-10 00:43:49
1407;Dyrk1b_0191;GDSC1,drug_response,metabolomics,rf,594,0.30586154950325695,0.5557271619861195,2022-05-10 00:45:42
1409;AZD4877;GDSC1,drug_response,metabolomics,rf,594,0.188850684221827,0.8662688391198018,2022-05-10 00:47:28
1413;EphB4_9721;GDSC1,drug_response,metabolomics,rf,594,0.33871418789693386,-0.3385113727120319,2022-05-10 00:49:10
1414;Fulvestrant;GDSC1,drug_response,metabolomics,rf,592,0.16329299723637694,-0.5436997012839991,2022-05-10 00:50:54
1416;AZD8931;GDSC1,drug_response,metabolomics,rf,591,0.3454957358540858,-0.6043884884497484,2022-05-10 00:52:36
1419;FEN1_3940;GDSC1,drug_response,metabolomics,rf,592,0.3130346018139858,1.2677011782769572,2022-05-10 00:54:26
1421;FGFR_0939;GDSC1,drug_response,metabolomics,rf,595,0.2515010003276291,-0.6882533266064148,2022-05-10 00:56:11
1422;FGFR_3831;GDSC1,drug_response,metabolomics,rf,594,0.25728993609808903,-0.22746449336238714,2022-05-10 00:57:54
1425;BPTES;GDSC1,drug_response,metabolomics,rf,592,0.21815918514159827,-1.0808470447409952,2022-05-10 00:59:39
1426;AZD7969;GDSC1,drug_response,metabolomics,rf,593,0.35325574953380423,0.31936599262924403,2022-05-10 01:01:18
1427;AZD5582;GDSC1,drug_response,metabolomics,rf,589,0.14913206470495285,-1.0690074714022666,2022-05-10 01:03:06
1428;IAP_5620;GDSC1,drug_response,metabolomics,rf,591,0.06263708358411467,-2.1912546664460946,2022-05-10 01:05:05
1429;IAP_7638;GDSC1,drug_response,metabolomics,rf,590,0.11483316996835131,-1.9993832442219706,2022-05-10 01:06:53
1430;IGFR_3801;GDSC1,drug_response,metabolomics,rf,594,0.2675126720875304,0.5615938970263954,2022-05-10 01:08:43
1432;AZD1480;GDSC1,drug_response,metabolomics,rf,597,0.1652583037333253,-0.31579586063664855,2022-05-10 01:10:31
1433;JAK1_3715;GDSC1,drug_response,metabolomics,rf,596,0.2969545525280741,-1.4845136636485359,2022-05-10 01:12:17
1434;JAK3_7406;GDSC1,drug_response,metabolomics,rf,594,0.20981636233875417,0.12985033986605465,2022-05-10 01:13:56
1436;MCT1_6447;GDSC1,drug_response,metabolomics,rf,581,0.29008513950168774,-2.3252407734950538,2022-05-10 01:15:48
1437;MCT4_1422;GDSC1,drug_response,metabolomics,rf,595,0.241658024075989,-1.045544836928752,2022-05-10 01:17:31
1441;AZD2014;GDSC1,drug_response,metabolomics,rf,594,0.25784658694736495,0.5878188193410027,2022-05-10 01:19:15
1444;AZD8186;GDSC1,drug_response,metabolomics,rf,594,0.22205967134553953,-0.636628020588623,2022-05-10 01:20:59
1445;AZD8835;GDSC1,drug_response,metabolomics,rf,589,0.12739639202120168,-0.29530530807698674,2022-05-10 01:22:44
1446;PI3Ka_4409;GDSC1,drug_response,metabolomics,rf,590,0.2629616880648503,-0.15292550102312846,2022-05-10 01:24:26
1449;AZD1208;GDSC1,drug_response,metabolomics,rf,597,0.2702010589137856,-0.7471695184328087,2022-05-10 01:26:08
1451;PLK_6522;GDSC1,drug_response,metabolomics,rf,583,0.31833037803984465,0.6744175103653813,2022-05-10 01:27:46
1453;RAF_9304;GDSC1,drug_response,metabolomics,rf,595,0.2592307585172968,-0.7731396693330189,2022-05-10 01:29:34
1458;PARP_9495;GDSC1,drug_response,metabolomics,rf,592,0.28663949382901427,-0.2736304670185002,2022-05-10 01:31:12
1459;PARP_0108;GDSC1,drug_response,metabolomics,rf,594,0.3694900434404762,-0.142907064604432,2022-05-10 01:32:50
1460;PARP_9482;GDSC1,drug_response,metabolomics,rf,592,0.3149157208427956,-0.27741575543838354,2022-05-10 01:34:49
1461;TANK_1366;GDSC1,drug_response,metabolomics,rf,594,0.20834385491447596,-1.1978028568730645,2022-05-10 01:36:52
1463;AZD1332;GDSC1,drug_response,metabolomics,rf,595,0.2608439900879712,-0.15453992970704084,2022-05-10 01:38:54
1464;TTK_3146;GDSC1,drug_response,metabolomics,rf,595,0.2640494826176406,0.5835369657550739,2022-05-10 01:40:46
1490;SN-38;GDSC1,drug_response,metabolomics,rf,588,0.3292643556067786,-0.534071448834391,2022-05-10 01:42:31
1494;SN-38;GDSC1,drug_response,metabolomics,rf,611,0.39746270338350265,0.2552395145557559,2022-05-10 01:44:13
1494;SN-38;GDSC2,drug_response,metabolomics,rf,620,0.40918503964512676,0.1079075490386693,2022-05-10 01:45:53
1495;Olaparib;GDSC1,drug_response,metabolomics,rf,578,0.29070062750253356,-0.33007676711648265,2022-05-10 01:47:31
1496;Cisplatin;GDSC1,drug_response,metabolomics,rf,596,0.3564223414113554,-0.3047628640349757,2022-05-10 01:49:08
1497;AZD4547;GDSC1,drug_response,metabolomics,rf,566,0.22165432186427111,-2.084914863595588,2022-05-10 01:50:56
1498;Selumetinib;GDSC1,drug_response,metabolomics,rf,586,0.361813577253329,-0.698052566910179,2022-05-10 01:52:35
1502;Bicalutamide;GDSC1,drug_response,metabolomics,rf,559,0.1988347421726589,-0.7305077865342443,2022-05-10 01:54:13
1510;Linsitinib;GDSC2,drug_response,metabolomics,rf,626,0.40354771565358616,-0.5159467159067074,2022-05-10 01:55:55
1511;Epirubicin;GDSC2,drug_response,metabolomics,rf,623,0.4532772938657968,0.5393876104859321,2022-05-10 01:57:42
1512;Cyclophosphamide;GDSC2,drug_response,metabolomics,rf,623,0.47059869064766635,-0.09070426769229623,2022-05-10 01:59:25
1515;Picrotin;GDSC1,drug_response,metabolomics,rf,564,0.3012330129136479,-0.4800839741252199,2022-05-10 02:01:04
1516;Cymarine;GDSC1,drug_response,metabolomics,rf,548,0.36477718992045444,1.23670289270433,2022-05-10 02:02:44
1517;Ginkgolide A;GDSC1,drug_response,metabolomics,rf,566,0.2934869274066542,-0.552492851485087,2022-05-10 02:04:21
1518;Lasalocid;GDSC1,drug_response,metabolomics,rf,559,0.24937459140363663,-0.3854266804513157,2022-05-10 02:06:01
1519;Novobiocin-sodium;GDSC1,drug_response,metabolomics,rf,516,0.35136092229746596,-1.1786192528810193,2022-05-10 02:07:33
1520;Latamoxef;GDSC1,drug_response,metabolomics,rf,559,0.2998079753568419,-0.5084743059500224,2022-05-10 02:09:10
1525;VER-155008;GDSC1,drug_response,metabolomics,rf,560,0.20119881376194165,0.5561482314918085,2022-05-10 02:10:49
1526;Refametinib;GDSC1,drug_response,metabolomics,rf,562,0.41505907357507416,-0.4480076772392207,2022-05-10 02:12:26
1527;Pictilisib;GDSC1,drug_response,metabolomics,rf,566,0.15348592462701413,0.1413835885399714,2022-05-10 02:14:11
1529;Pevonedistat;GDSC1,drug_response,metabolomics,rf,460,0.3351999769750734,0.09973136660225827,2022-05-10 02:15:33
1529;Pevonedistat;GDSC2,drug_response,metabolomics,rf,623,0.45933607465603543,0.6077544058769802,2022-05-10 02:17:15
1530;PFI-3;GDSC1,drug_response,metabolomics,rf,547,0.39495476255527917,-0.5519940500446154,2022-05-10 02:18:49
1534;Paclitaxel (0.001);GDSC1,drug_response,metabolomics,rf,516,0.22876943098854235,-0.5464153040061223,2022-05-10 02:20:23
1535;Paclitaxel (0.005);GDSC1,drug_response,metabolomics,rf,513,0.25486672092204676,-0.27836043720591624,2022-05-10 02:21:52
1543;SN-38;GDSC1,drug_response,metabolomics,rf,327,0.351442441044373,0.14305005681756178,2022-05-10 02:23:00
1544;SN-38;GDSC1,drug_response,metabolomics,rf,320,0.3047892815409104,0.03456554407875085,2022-05-10 02:24:06
1546;SN-38;GDSC1,drug_response,metabolomics,rf,308,0.31116205490378046,-0.0075418109199425765,2022-05-10 02:25:12
1548;DBeQ;GDSC1,drug_response,metabolomics,rf,300,0.32819529868330843,-0.35126883728035435,2022-05-10 02:26:19
1549;Sapatinib;GDSC2,drug_response,metabolomics,rf,629,0.2633244368902013,-0.9289888121945804,2022-05-10 02:28:06
1558;Lapatinib;GDSC2,drug_response,metabolomics,rf,628,0.30661346209474233,-0.08152422102424967,2022-05-10 02:29:51
1559;Luminespib;GDSC2,drug_response,metabolomics,rf,623,0.3642425562033672,0.8007262021635737,2022-05-10 02:31:33
1560;Alpelisib;GDSC2,drug_response,metabolomics,rf,623,0.2928092622043717,-0.03182159859547261,2022-05-10 02:33:15
1561;Taselisib;GDSC2,drug_response,metabolomics,rf,629,0.22815680765539864,-0.19979772944173713,2022-05-10 02:35:00
1563;EPZ5676;GDSC2,drug_response,metabolomics,rf,618,0.5600478471815037,-0.5677945509465882,2022-05-10 02:36:44
1564;SCH772984;GDSC2,drug_response,metabolomics,rf,624,0.3333265313044121,-0.3227779391319241,2022-05-10 02:38:28
1594;OSI-027;GDSC2,drug_response,metabolomics,rf,624,0.2595644086521006,0.3763531515916981,2022-05-10 02:40:10
1598;LGK974;GDSC2,drug_response,metabolomics,rf,628,0.5366087277871365,0.022984814500556137,2022-05-10 02:41:50
1632;Ribociclib;GDSC2,drug_response,metabolomics,rf,624,0.536952537621916,-0.6331480667595212,2022-05-10 02:43:34
1633;Abemaciclib;GDSC2,drug_response,metabolomics,rf,364,0.4098390232334238,-0.21168301670422446,2022-05-10 02:44:47
1735;AZD1775;GDSC2,drug_response,metabolomics,rf,512,0.4090123612776571,0.6470894913153047,2022-05-10 02:46:20
1786;AZD4547;GDSC2,drug_response,metabolomics,rf,625,0.3235864062569799,-0.5021874632593986,2022-05-10 02:48:04
1794;Idelalisib;GDSC2,drug_response,metabolomics,rf,364,0.34545116041909146,-0.6970494092528754,2022-05-10 02:49:17
1850;Tepotinib;GDSC2,drug_response,metabolomics,rf,616,0.3724213416681909,-0.8601832762096012,2022-05-10 02:51:02
1851;Ceritinib;GDSC2,drug_response,metabolomics,rf,616,0.3190981553835507,0.516945198483863,2022-05-10 02:52:54
1857;Ravoxertinib;GDSC2,drug_response,metabolomics,rf,364,0.32788065611402506,-0.22906759658174408,2022-05-10 02:54:06
1862;MG-132;GDSC2,drug_response,metabolomics,rf,632,0.3394529156537711,1.2019130482602887,2022-05-10 02:55:54
1864;R428;GDSC2,drug_response,metabolomics,rf,624,0.5977305458621757,-0.661355161639135,2022-05-10 02:57:40
1866;BDP-00009066;GDSC2,drug_response,metabolomics,rf,513,0.3920279155881784,0.9272796331475941,2022-05-10 02:59:10
1867;Panobinostat;GDSC2,drug_response,metabolomics,rf,362,0.5580541352756226,0.6658722071230643,2022-05-10 03:00:22
1873;Buparlisib;GDSC2,drug_response,metabolomics,rf,623,0.3311532296287242,0.8642224439768448,2022-05-10 03:02:09
1908;Ulixertinib;GDSC2,drug_response,metabolomics,rf,623,0.33019350631890637,0.014420415898634638,2022-05-10 03:03:52
1909;Venetoclax;GDSC2,drug_response,metabolomics,rf,623,0.5859253327381155,-1.5656972460238752,2022-05-10 03:05:41
1910;ABT737;GDSC2,drug_response,metabolomics,rf,622,0.5617898269646245,-0.8785822236379752,2022-05-10 03:07:28
1911;Dactinomycin;GDSC2,drug_response,metabolomics,rf,612,0.4501459822406977,0.6470020886140353,2022-05-10 03:09:10
1912;Afuresertib;GDSC2,drug_response,metabolomics,rf,623,0.35551284174799413,-0.24179370623496263,2022-05-10 03:10:55
1913;AGI-5198;GDSC2,drug_response,metabolomics,rf,623,0.41320427122674613,0.12711910513885377,2022-05-10 03:12:38
1915;AZD3759;GDSC2,drug_response,metabolomics,rf,628,0.19757502193502732,-0.8919036817436061,2022-05-10 03:14:34
1916;AZD5363;GDSC2,drug_response,metabolomics,rf,623,0.33328694756006527,-0.2256220322347246,2022-05-10 03:16:18
1917;AZD6738;GDSC2,drug_response,metabolomics,rf,623,0.429129590221629,0.3783239913269169,2022-05-10 03:18:03
1918;AZD8186;GDSC2,drug_response,metabolomics,rf,623,0.19974998094134805,-0.2632876167365476,2022-05-10 03:19:52
1919;Osimertinib;GDSC2,drug_response,metabolomics,rf,623,0.3062286180559589,-0.6140136765435822,2022-05-10 03:21:40
1922;Cediranib;GDSC2,drug_response,metabolomics,rf,623,0.24010841869272165,0.24637392956216134,2022-05-10 03:23:28
1924;Ipatasertib;GDSC2,drug_response,metabolomics,rf,623,0.3041523243251657,-0.5305806687853726,2022-05-10 03:25:14
1925;GDC0810;GDSC2,drug_response,metabolomics,rf,623,0.3961311899915138,-0.17389317804879847,2022-05-10 03:26:56
1926;GNE-317;GDSC2,drug_response,metabolomics,rf,613,0.179220762548567,0.5185000954072791,2022-05-10 03:28:43
1927;GSK2578215A;GDSC2,drug_response,metabolomics,rf,623,0.4152813228289635,-0.0054223355445405024,2022-05-10 03:30:25
1928;I-BRD9;GDSC2,drug_response,metabolomics,rf,623,0.5756787951799337,-0.2618478207726903,2022-05-10 03:32:13
1930;Telomerase Inhibitor IX;GDSC2,drug_response,metabolomics,rf,623,0.4168077521617242,0.7904441560654373,2022-05-10 03:33:55
1931;MIRA-1;GDSC2,drug_response,metabolomics,rf,625,0.6126447951406897,-0.909571063527104,2022-05-10 03:35:48
1932;NVP-ADW742;GDSC2,drug_response,metabolomics,rf,623,0.368027171919023,0.35200038676795364,2022-05-10 03:37:33
1933;P22077;GDSC2,drug_response,metabolomics,rf,623,0.44644417510091844,-0.19179383555740925,2022-05-10 03:39:16
1934;P5091;GDSC2,drug_response,metabolomics,rf,624,0.47859991119435535,0.4521036104940056,2022-05-10 03:40:55
1936;Savolitinib;GDSC2,drug_response,metabolomics,rf,623,0.3485691439279267,-1.3894297039141443,2022-05-10 03:42:41
1937;S-crizotinib;GDSC2,drug_response,metabolomics,rf,624,0.4202677748882663,0.2716834932306129,2022-05-10 03:44:23
1938;Tretinoin;GDSC2,drug_response,metabolomics,rf,624,0.43960318102677265,-0.8675915333549512,2022-05-10 03:46:07
1939;UMI-77;GDSC2,drug_response,metabolomics,rf,513,0.23352313399375402,0.760803951030322,2022-05-10 03:47:35
1940;WIKI4;GDSC2,drug_response,metabolomics,rf,622,0.20878068851349957,0.24131374476973738,2022-05-10 03:49:23
1941;Sepantronium bromide;GDSC2,drug_response,metabolomics,rf,623,0.17343368420084151,0.841124842051604,2022-05-10 03:51:12
1942;Pexidartinib;GDSC2,drug_response,metabolomics,rf,513,0.3924139063390176,-1.096270057501548,2022-05-10 03:52:40
1944;LY2584702;GDSC2,drug_response,metabolomics,rf,513,0.43179574394977605,-0.050997615050687665,2022-05-10 03:54:09
1945;Taselisib;GDSC2,drug_response,metabolomics,rf,513,0.17615972602639887,-0.2518799511563166,2022-05-10 03:55:41
1946;MIK-665 / S-64315;GDSC2,drug_response,metabolomics,rf,513,0.5509006330009755,-0.7649733667167151,2022-05-10 03:57:11
1947;entospletinib;GDSC2,drug_response,metabolomics,rf,513,0.4333020282290265,-0.31490836054373644,2022-05-10 03:58:42
1949;Venetoclax;GDSC2,drug_response,metabolomics,rf,504,0.4781550610499032,-1.2136863706505225,2022-05-10 04:00:13
1954;ASLAN002;GDSC2,drug_response,metabolomics,rf,513,0.5213478287678639,-0.35150335438106844,2022-05-10 04:01:42
1956;MCL1_1284;GDSC2,drug_response,metabolomics,rf,513,0.587960718015602,-0.9060550047496714,2022-05-10 04:03:14
1957;Abemaciclib;GDSC2,drug_response,metabolomics,rf,513,0.4944566258988581,-0.2497349456696354,2022-05-10 04:04:45
1958;Merestinib;GDSC2,drug_response,metabolomics,rf,513,0.24368009472456817,-1.2867507979786794,2022-05-10 04:06:21
1959;SYK_1543;GDSC2,drug_response,metabolomics,rf,513,0.37934425493073964,-0.3161075978144861,2022-05-10 04:07:52
1960;SYK_9721;GDSC2,drug_response,metabolomics,rf,513,0.3871700216563144,-0.08900273938677034,2022-05-10 04:09:22
1961;UNC-2025;GDSC2,drug_response,metabolomics,rf,513,0.46911487078915737,0.3162311588886816,2022-05-10 04:10:54
1962;Sapanisertib;GDSC2,drug_response,metabolomics,rf,513,0.2903610570566098,0.18627784952213405,2022-05-10 04:12:22
1964;CB-839;GDSC2,drug_response,metabolomics,rf,510,0.3710075870622956,-0.9732691798777147,2022-05-10 04:13:57
1965;AZD4205;GDSC2,drug_response,metabolomics,rf,513,0.49231765068355327,-1.1515718286140206,2022-05-10 04:15:31
1966;KIT_6754;GDSC2,drug_response,metabolomics,rf,506,0.5319068060435426,-1.3015182911112115,2022-05-10 04:17:01
1967;SMG1_1789;GDSC2,drug_response,metabolomics,rf,513,0.4013050898404488,0.5620446822489186,2022-05-10 04:18:33
1968;ERK_5051;GDSC2,drug_response,metabolomics,rf,513,0.22800564077025204,-0.2757991595677719,2022-05-10 04:20:04
1970;ERK_6197;GDSC2,drug_response,metabolomics,rf,513,0.23544450875425138,-0.25281292713797004,2022-05-10 04:21:35
1971;Serabelisib;GDSC2,drug_response,metabolomics,rf,513,0.3882644412495012,0.25661367143915,2022-05-10 04:23:01
1972;Ravoxertinib;GDSC2,drug_response,metabolomics,rf,513,0.4683064041608194,0.007027691332688035,2022-05-10 04:24:30
1973;KRASi;GDSC2,drug_response,metabolomics,rf,513,0.5042209441838457,0.8641648197411266,2022-05-10 04:25:57
1975;BVD523;GDSC2,drug_response,metabolomics,rf,513,0.3145018915229616,0.14240092992715425,2022-05-10 04:27:28
1980;IRAK4_1495;GDSC2,drug_response,metabolomics,rf,513,0.5255013758794257,-0.28032182674863454,2022-05-10 04:28:57
1982;PLK4_0066;GDSC2,drug_response,metabolomics,rf,490,0.4763096814148689,-1.1988870790067025,2022-05-10 04:30:30
1985;IRAK4_7891;GDSC2,drug_response,metabolomics,rf,513,0.5154992064279229,-0.3804532744112108,2022-05-10 04:32:02
1986;IRAK4_8366;GDSC2,drug_response,metabolomics,rf,513,0.5195841389501421,-0.23594154244303148,2022-05-10 04:33:31
1987;BCLXL_3202;GDSC2,drug_response,metabolomics,rf,510,0.30023937436076453,-1.1329731693005876,2022-05-10 04:35:03
1989;Imatinib;GDSC2,drug_response,metabolomics,rf,513,0.5532513407521154,-2.0388387179467826,2022-05-10 04:36:36
1990;BCL6_7224;GDSC2,drug_response,metabolomics,rf,513,0.45368593760909154,0.11361369572039051,2022-05-10 04:38:03
1991;Ibrutinib;GDSC2,drug_response,metabolomics,rf,513,0.34346309091599114,-0.6143832832273866,2022-05-10 04:39:32
1993;THZ1;GDSC2,drug_response,metabolomics,rf,477,0.4889391822966306,0.456059980638941,2022-05-10 04:40:56
1995;A-1210477;GDSC2,drug_response,metabolomics,rf,624,0.3978366595823844,-0.0068281470636020565,2022-05-10 04:42:37
1996;MIM1;GDSC2,drug_response,metabolomics,rf,513,0.47297035645629515,-0.16030325371444482,2022-05-10 04:44:06
1997;WEHI-539;GDSC2,drug_response,metabolomics,rf,629,0.36737687882784964,-1.1498287810038934,2022-05-10 04:45:57
1998;BPD-00008900;GDSC2,drug_response,metabolomics,rf,513,0.4023149059924327,-0.2908414427912087,2022-05-10 04:47:25
2013;CDK12_8969;GDSC2,drug_response,metabolomics,rf,510,0.3961440373548438,0.8334358658382797,2022-05-10 04:48:54
2014;Brigatinib;GDSC2,drug_response,metabolomics,rf,511,0.3408260716528473,0.46326609292192644,2022-05-10 04:50:25
2015;Olmutinib;GDSC2,drug_response,metabolomics,rf,511,0.3441564160592983,0.43321556849535336,2022-05-10 04:51:55
2016;EGFR_5383;GDSC2,drug_response,metabolomics,rf,511,0.5678712881096881,-0.4166304286154849,2022-05-10 04:53:24
2018;PDGFR_5313;GDSC2,drug_response,metabolomics,rf,511,0.5483160773917982,-0.4993380380557644,2022-05-10 04:54:51
2020;Poziotinib;GDSC2,drug_response,metabolomics,rf,510,0.2391283730218344,-0.4771912544440433,2022-05-10 04:56:23
2021;EGF816;GDSC2,drug_response,metabolomics,rf,511,0.4007476428838844,-0.3005155843631827,2022-05-10 04:57:50
2022;PF-06747775;GDSC2,drug_response,metabolomics,rf,511,0.27543648293128475,-1.229635520754429,2022-05-10 04:59:23
2023;PDGFR_0615;GDSC2,drug_response,metabolomics,rf,511,0.4603864961134897,-2.834252773114416,2022-05-10 05:00:56
2024;KIT_5808;GDSC2,drug_response,metabolomics,rf,511,0.47469408746144515,-2.607198468454525,2022-05-10 05:02:27
2026;KIT_7208;GDSC2,drug_response,metabolomics,rf,510,0.5249488415327165,-1.265292015794223,2022-05-10 05:03:55
2027;CDK12_1992;GDSC2,drug_response,metabolomics,rf,499,0.30912167375415406,1.3425669832924814,2022-05-10 05:05:26
2028;STAT3_2372;GDSC2,drug_response,metabolomics,rf,493,0.37018696951504576,-0.9842723301546752,2022-05-10 05:06:55
2034;RAF_7242;GDSC2,drug_response,metabolomics,rf,511,0.3723549852996081,-0.24051249374257064,2022-05-10 05:08:27
2040;Foretinib;GDSC2,drug_response,metabolomics,rf,619,0.33049637828012446,-0.42920472909996615,2022-05-10 05:10:19
2041;GSK126;GDSC2,drug_response,metabolomics,rf,623,0.5035151669684554,-0.007848373295895267,2022-05-10 05:12:05
2042;Deltarasin;GDSC2,drug_response,metabolomics,rf,624,0.3761044427811552,2.1125657600061656,2022-05-10 05:13:57
2043;BIBR-1532;GDSC2,drug_response,metabolomics,rf,619,0.3990011594735846,-1.0601976110932154,2022-05-10 05:15:40
2044;Pyridostatin;GDSC2,drug_response,metabolomics,rf,618,0.47095249015963514,0.054544300718848984,2022-05-10 05:17:19
2045;AMG-319;GDSC2,drug_response,metabolomics,rf,618,0.5269960106738784,-0.6357408700656652,2022-05-10 05:19:03
2046;MK-8776;GDSC2,drug_response,metabolomics,rf,618,0.5321921225608854,-0.32395339436107384,2022-05-10 05:20:45
2047;Ulixertinib;GDSC2,drug_response,metabolomics,rf,511,0.31377259904418786,-0.16086995183257963,2022-05-10 05:22:11
2048;Vinorelbine;GDSC2,drug_response,metabolomics,rf,621,0.484236285190887,0.6070763938681473,2022-05-10 05:23:50
2063;LTT462;GDSC2,drug_response,metabolomics,rf,508,0.37324744460333176,0.20124180027313002,2022-05-10 05:25:20
2066;Rociletinib;GDSC2,drug_response,metabolomics,rf,508,0.3612501135525262,0.5227930419855624,2022-05-10 05:26:46
2071;Menin_MLL_8690;GDSC2,drug_response,metabolomics,rf,508,0.4434007613919796,0.08209522190832118,2022-05-10 05:28:14
2074;EGFR_0300;GDSC2,drug_response,metabolomics,rf,508,0.28569630915655814,0.47682061687439936,2022-05-10 05:29:43
2075;EGFR_8897;GDSC2,drug_response,metabolomics,rf,508,0.2733949049386064,-0.33657513712671283,2022-05-10 05:31:13
2076;ERK_5330;GDSC2,drug_response,metabolomics,rf,508,0.2071621042648799,0.9539035536688325,2022-05-10 05:32:51
2077;CDK7_8454;GDSC2,drug_response,metabolomics,rf,508,0.43875903398154914,0.8734069934076089,2022-05-10 05:34:21
2078;Senexin B;GDSC2,drug_response,metabolomics,rf,508,0.44517070173910467,0.2924634873944124,2022-05-10 05:35:48
2079;CDK12_5078;GDSC2,drug_response,metabolomics,rf,507,0.38884979125909536,1.141820299493423,2022-05-10 05:37:18
2080;Menin_MLL_8687;GDSC2,drug_response,metabolomics,rf,508,0.4422874296547176,0.6347366148957359,2022-05-10 05:38:45
2081;CDK12_2242;GDSC2,drug_response,metabolomics,rf,507,0.3744028776404381,1.0447629752263274,2022-05-10 05:40:16
2084;CCT251545;GDSC2,drug_response,metabolomics,rf,508,0.43656546101449656,-0.18529531124154847,2022-05-10 05:41:46
2090;EGFR_7518;GDSC2,drug_response,metabolomics,rf,508,0.2346140019258419,0.3385853843367536,2022-05-10 05:43:17
2093;Capivasertib;GDSC2,drug_response,metabolomics,rf,508,0.32225187075280465,-0.29542723087143197,2022-05-10 05:44:47
2096;VX-11e;GDSC2,drug_response,metabolomics,rf,619,0.3095556829833976,0.040927962463409004,2022-05-10 05:46:32
2103;Capmatinib;GDSC2,drug_response,metabolomics,rf,379,0.4470557417154664,-1.9158469739088575,2022-05-10 05:47:47
2106;Uprosertib;GDSC2,drug_response,metabolomics,rf,507,0.3585485137792266,-0.062051193482354765,2022-05-10 05:49:14
2107;LJI308;GDSC2,drug_response,metabolomics,rf,618,0.4603721865672335,-0.16707799252845368,2022-05-10 05:50:58
2108;PD0166285;GDSC2,drug_response,metabolomics,rf,364,0.3546397474271349,0.39145221225898885,2022-05-10 05:52:11
2109;AZ6102;GDSC2,drug_response,metabolomics,rf,619,0.24455225267207964,0.7764964581107578,2022-05-10 05:53:56
2110;GSK591;GDSC2,drug_response,metabolomics,rf,618,0.3734668759829121,-0.6935992673643883,2022-05-10 05:55:41
2111;VE821;GDSC2,drug_response,metabolomics,rf,616,0.509255789137222,-0.15274828591173248,2022-05-10 05:57:22
2125;Mcl1_7350;GDSC2,drug_response,metabolomics,rf,513,0.5849261514148243,-0.8719020774257604,2022-05-10 05:58:52
2150;AZD0156;GDSC2,drug_response,metabolomics,rf,366,0.3388664365253372,0.40931257444427355,2022-05-10 06:00:04
2151;PLX7904;GDSC2,drug_response,metabolomics,rf,366,0.21983237640031775,-0.4933447909700733,2022-05-10 06:01:19
2152;I-BET151;GDSC2,drug_response,metabolomics,rf,624,0.4764022245643279,-0.008984824275948598,2022-05-10 06:03:07
2153;S63845;GDSC2,drug_response,metabolomics,rf,364,0.6338172790096284,-1.118787043754184,2022-05-10 06:04:25
2160;Volasertib;GDSC2,drug_response,metabolomics,rf,623,0.5073326906055827,0.4266572349459688,2022-05-10 06:06:06
2161;Rigosertib;GDSC2,drug_response,metabolomics,rf,624,0.3998580855768389,0.6998173522821326,2022-05-10 06:07:47
2162;Danusertib;GDSC2,drug_response,metabolomics,rf,623,0.547337335205668,-0.5180393236177013,2022-05-10 06:09:30
2163;Fenretinide;GDSC2,drug_response,metabolomics,rf,368,0.503093416975043,-0.465886627372061,2022-05-10 06:10:45
2164;BLU9931;GDSC2,drug_response,metabolomics,rf,623,0.48005750134841046,-0.05144052085799311,2022-05-10 06:12:26
2166;Entrectinib;GDSC2,drug_response,metabolomics,rf,364,0.23939501443354963,0.31097607481033646,2022-05-10 06:13:44
2168;Ponatinib;GDSC2,drug_response,metabolomics,rf,364,0.37657302551050764,-1.6262405484741873,2022-05-10 06:15:00
2170;AT13148;GDSC2,drug_response,metabolomics,rf,618,0.33169856596351727,0.32557554139094985,2022-05-10 06:16:39
2171;BMS-754807;GDSC2,drug_response,metabolomics,rf,377,0.3351903269409937,0.014472558458908664,2022-05-10 06:17:52
2172;JQ1;GDSC2,drug_response,metabolomics,rf,384,0.43856233785988047,-0.0585043406598628,2022-05-10 06:19:06
2173;PFI-1;GDSC2,drug_response,metabolomics,rf,617,0.44827859538604453,0.028714196237698015,2022-05-10 06:20:50
2176;UNC0642;GDSC2,drug_response,metabolomics,rf,617,0.5604478931903266,-0.1808686437934338,2022-05-10 06:22:31
2177;SGC0946;GDSC2,drug_response,metabolomics,rf,617,0.3469162710756032,-0.007921606699798868,2022-05-10 06:24:13
2182;A-366;GDSC2,drug_response,metabolomics,rf,617,0.4510602033054262,0.08070336359436979,2022-05-10 06:25:56
2253;AZD8835;GDSC2,drug_response,metabolomics,rf,379,0.3693655721900256,-0.29259548051259826,2022-05-10 06:27:09
2254;GSK2292767;GDSC2,drug_response,metabolomics,rf,379,0.4107743288954593,0.24543350872195654,2022-05-10 06:28:22
2255;RK-33;GDSC2,drug_response,metabolomics,rf,379,0.27510658693977985,0.5638483920687639,2022-05-10 06:29:37
2256;Kobe0065;GDSC2,drug_response,metabolomics,rf,364,0.37641916557593397,0.33340435531325685,2022-05-10 06:30:49
2257;EAI045;GDSC2,drug_response,metabolomics,rf,379,0.5855637995422678,-0.09919448178401907,2022-05-10 06:32:02
2258;LLY-507;GDSC2,drug_response,metabolomics,rf,377,0.3067935625461717,1.2708694915264491,2022-05-10 06:33:16
2259;BI-9564;GDSC2,drug_response,metabolomics,rf,379,0.6191629049649526,-0.5593795258647678,2022-05-10 06:34:29
2260;BI-7273;GDSC2,drug_response,metabolomics,rf,379,0.6052084302482423,-0.18165821304480403,2022-05-10 06:35:43
2266;GSK484;GDSC2,drug_response,metabolomics,rf,364,0.4186523685766213,-0.33648261460541823,2022-05-10 06:36:54
2268;VX-745;GDSC2,drug_response,metabolomics,rf,364,0.5136673737001132,-0.23126940678010605,2022-05-10 06:38:07
2269;(R)-PFI-2;GDSC2,drug_response,metabolomics,rf,364,0.337581016495234,-0.009553704563929987,2022-05-10 06:39:18
2270;BAY-598;GDSC2,drug_response,metabolomics,rf,363,0.5063328518957728,-0.41203108302874547,2022-05-10 06:40:31
2271;CP-724714;GDSC2,drug_response,metabolomics,rf,364,0.2578846883385054,0.041678523409853174,2022-05-10 06:41:44
2272;MK-5108;GDSC2,drug_response,metabolomics,rf,364,0.3486361934596395,0.1566252386100875,2022-05-10 06:42:54
2273;CPI-360;GDSC2,drug_response,metabolomics,rf,364,0.4189971801499671,-0.2642051065542047,2022-05-10 06:44:07
2274;A-196;GDSC2,drug_response,metabolomics,rf,364,0.36248982055333734,-0.37273873352382925,2022-05-10 06:45:20
2276;EPZ015666;GDSC2,drug_response,metabolomics,rf,364,0.38998303071904267,-0.20899738676419466,2022-05-10 06:46:31
2277;OICR-9429;GDSC2,drug_response,metabolomics,rf,364,0.43342383605339013,0.009528212704673333,2022-05-10 06:47:41
2279;CPI-169;GDSC2,drug_response,metabolomics,rf,364,0.340814762738025,-0.31233088797907455,2022-05-10 06:48:54
2280;GSK481;GDSC2,drug_response,metabolomics,rf,364,0.38786514040911724,0.1327494276887415,2022-05-10 06:50:10
2281;CCT251545;GDSC2,drug_response,metabolomics,rf,363,0.35552450655858764,-0.3546589071365789,2022-05-10 06:51:21
2282;Romidepsin;GDSC2,drug_response,metabolomics,rf,608,0.2047058292391069,0.8262582398204698,2022-05-10 06:53:05
2283;CGI1746;GDSC2,drug_response,metabolomics,rf,364,0.3697247677147765,0.08961216141003742,2022-05-10 06:54:15
2284;MS023;GDSC2,drug_response,metabolomics,rf,361,0.31331102920360515,-0.14550895683071038,2022-05-10 06:55:26
2286;AX15836;GDSC2,drug_response,metabolomics,rf,364,0.5202555681616944,-0.1211121136605077,2022-05-10 06:56:39
2288;SGC707;GDSC2,drug_response,metabolomics,rf,364,0.46041113701717773,-0.11671011059400904,2022-05-10 06:57:50
2289;GSK583;GDSC2,drug_response,metabolomics,rf,364,0.44052257045497145,-0.19796989436092235,2022-05-10 06:59:02
2290;EPZ011989;GDSC2,drug_response,metabolomics,rf,616,0.5188569204204537,-0.12514120480684277,2022-05-10 07:00:44
2291;MZ1;GDSC2,drug_response,metabolomics,rf,364,0.4535672325544088,0.13191075594547405,2022-05-10 07:01:57
2292;Tofacitinib;GDSC2,drug_response,metabolomics,rf,363,0.41663826961332073,-0.632105676310296,2022-05-10 07:03:08
2293;AMG900;GDSC2,drug_response,metabolomics,rf,348,0.3201100110245366,-1.079129008673487,2022-05-10 07:04:23
2294;EI1;GDSC2,drug_response,metabolomics,rf,364,0.3777067681304613,-0.8033069307933738,2022-05-10 07:05:37
2295;NVS-PAK1-1;GDSC2,drug_response,metabolomics,rf,363,0.1845354077589957,0.2769307537695455,2022-05-10 07:06:48
2296;GDC-0879;GDSC2,drug_response,metabolomics,rf,363,0.3328703647034379,-1.1183116307215206,2022-05-10 07:08:02
2297;SGX-523;GDSC2,drug_response,metabolomics,rf,363,0.32259417464700024,-0.8647849607335717,2022-05-10 07:09:15
2298;AZD1152-HQPA;GDSC2,drug_response,metabolomics,rf,354,0.3942970696956587,-1.2197202641759453,2022-05-10 07:10:30
2299;VH298;GDSC2,drug_response,metabolomics,rf,364,0.37603347986217744,0.05846751078785273,2022-05-10 07:11:40
2300;JNK-IN-8;GDSC2,drug_response,metabolomics,rf,363,0.49727172709707146,0.324634562941332,2022-05-10 07:12:50
2302;Skepinone-L;GDSC2,drug_response,metabolomics,rf,363,0.39600134881482446,-0.017528401342117687,2022-05-10 07:14:03
2303;G-5555;GDSC2,drug_response,metabolomics,rf,512,0.3502983511050912,0.37817241093944814,2022-05-10 07:15:36
2304;BMS-911543;GDSC2,drug_response,metabolomics,rf,364,0.38232595921938467,-0.7095736680390214,2022-05-10 07:16:48
2305;GNF-5;GDSC2,drug_response,metabolomics,rf,364,0.5007485238387501,-0.8521476289881245,2022-05-10 07:17:58
2306;Filgotinib;GDSC2,drug_response,metabolomics,rf,364,0.5060790414145145,-0.286349458861272,2022-05-10 07:19:10
2307;PF-CBP1;GDSC2,drug_response,metabolomics,rf,364,0.4497490623251056,-0.11182413188242693,2022-05-10 07:20:34
2308;PF-3644022;GDSC2,drug_response,metabolomics,rf,619,0.3660823238327794,-0.24420531347974572,2022-05-10 07:22:20
2309;AC220;GDSC2,drug_response,metabolomics,rf,364,0.30031555845873437,-1.6144603144354284,2022-05-10 07:23:34
2310;EPZ-6438;GDSC2,drug_response,metabolomics,rf,363,0.44030393437471,-0.054813601417379794,2022-05-10 07:24:48
2312;PDD00017273;GDSC2,drug_response,metabolomics,rf,364,0.30391940851694965,-0.4315939536415493,2022-05-10 07:26:01
2313;THZ1;GDSC2,drug_response,metabolomics,rf,362,0.37877248567326255,1.241616686776371,2022-05-10 07:27:13
2315;GNE7915;GDSC2,drug_response,metabolomics,rf,364,0.40107072994396153,0.04289973837807191,2022-05-10 07:28:24
2316;eCF309;GDSC2,drug_response,metabolomics,rf,364,0.14609417951511844,0.5284024100872654,2022-05-10 07:29:38
2317;BMX-IN-1;GDSC2,drug_response,metabolomics,rf,364,0.49575645186925543,-0.3899433420106903,2022-05-10 07:30:49
2318;E7449;GDSC2,drug_response,metabolomics,rf,364,0.36005247718060723,0.24870906172277535,2022-05-10 07:32:00
2319;Tubacin;GDSC2,drug_response,metabolomics,rf,364,0.49504770605702386,-0.07748783398208424,2022-05-10 07:33:12
2320;GSK864;GDSC2,drug_response,metabolomics,rf,364,0.37541194714847814,-0.39288681794418767,2022-05-10 07:34:26
2322;KH-CB19;GDSC2,drug_response,metabolomics,rf,364,0.4435608908391361,-0.22665587685652339,2022-05-10 07:35:39
2323;A-1155463;GDSC2,drug_response,metabolomics,rf,364,0.22498763202684705,-1.2077741662688484,2022-05-10 07:36:53
2324;CCT244747;GDSC2,drug_response,metabolomics,rf,364,0.34661421724792335,0.2112546622844931,2022-05-10 07:38:04
2325;HG-9-91-01;GDSC2,drug_response,metabolomics,rf,363,0.33083427765093654,-0.6747682955129592,2022-05-10 07:39:16
2326;EPZ020411;GDSC2,drug_response,metabolomics,rf,364,0.4077851479034664,-0.6431386281556563,2022-05-10 07:40:31
2327;BIX-02188;GDSC2,drug_response,metabolomics,rf,364,0.5780993968695503,-1.696087347116793,2022-05-10 07:41:45
2328;RGFP966;GDSC2,drug_response,metabolomics,rf,364,0.5481347467793023,-0.4388386486999714,2022-05-10 07:42:57
2329;BAZ2-ICR;GDSC2,drug_response,metabolomics,rf,364,0.5607129441018881,-0.03894549403017248,2022-05-10 07:44:09
2330;AZ191;GDSC2,drug_response,metabolomics,rf,364,0.5188726887192235,-0.5329539263168077,2022-05-10 07:45:24
2331;PF-3758309;GDSC2,drug_response,metabolomics,rf,364,0.4694800700295545,-0.2653851889745105,2022-05-10 07:46:38
2332;UNC2025;GDSC2,drug_response,metabolomics,rf,364,0.3427784201198957,0.26443337502899916,2022-05-10 07:47:50
2333;ACY-738;GDSC2,drug_response,metabolomics,rf,362,0.5526049512122787,0.41893510078742974,2022-05-10 07:49:01
2365;ML216;GDSC2,drug_response,metabolomics,rf,361,0.4121483833146809,-0.559579069199835,2022-05-10 07:50:15
2460;Prexasertib;GDSC2,drug_response,metabolomics,rf,618,0.4344697317313038,0.5015848657262781,2022-05-10 07:51:58
2466;CA3;GDSC2,drug_response,metabolomics,rf,617,0.3721441384447026,-0.14952430472701483,2022-05-10 07:53:50
2503;Tenalisib;GDSC2,drug_response,metabolomics,rf,512,0.43499413939910603,-0.3707326061537204,2022-05-10 07:55:23
2504;LLY-283;GDSC2,drug_response,metabolomics,rf,512,0.3631790751955363,-0.0641960252830247,2022-05-10 07:56:55
2505;Alisertib;GDSC2,drug_response,metabolomics,rf,501,0.41215970544362807,-0.4754037396950351,2022-05-10 07:58:27
2508;Trametinib;GDSC2,drug_response,metabolomics,rf,510,0.26320651445031623,-0.4402460201889754,2022-05-10 07:59:57
2509;Taselisib;GDSC2,drug_response,metabolomics,rf,518,0.16575432069101262,-0.1268335219797621,2022-05-10 08:01:30
2510;AZD1390;GDSC2,drug_response,metabolomics,rf,511,0.4090411400534869,-0.034550842272792474,2022-05-10 08:03:00
