,copynumber,transcriptomics,crisprcas9,drugresponse,proteomics,methylation,metabolomics
SIDM00872,1,1,1,1,1,1,1
SIDM00660,1,1,1,1,1,1,1
SIDM01026,1,1,1,1,1,1,1
SIDM00220,1,1,1,1,1,1,1
SIDM00742,1,1,1,1,1,1,1
SIDM01141,1,1,1,1,1,1,1
SIDM00795,1,1,1,1,1,1,1
SIDM00886,1,1,1,1,1,1,1
SIDM00571,1,1,1,1,1,1,1
SIDM01156,1,1,1,1,1,1,1
SIDM01027,1,1,1,1,1,1,1
SIDM01025,1,1,1,1,1,1,1
SIDM00651,1,1,1,1,1,1,1
SIDM01122,1,1,1,1,1,1,1
SIDM00925,1,1,1,1,1,1,1
SIDM00386,1,1,1,1,1,1,1
SIDM00395,1,1,1,1,1,1,1
SIDM00116,1,1,1,1,1,1,1
SIDM00247,1,1,1,1,1,1,1
SIDM00645,1,1,1,1,1,1,1
SIDM01193,1,1,1,1,1,1,1
SIDM00087,1,1,1,1,1,1,1
SIDM00451,1,1,1,1,1,1,1
SIDM00618,1,1,1,1,1,1,1
SIDM01010,1,1,1,1,1,1,1
SIDM00898,1,1,1,1,1,1,1
SIDM01051,1,1,1,1,1,1,1
SIDM00150,1,1,1,1,1,1,1
SIDM00088,1,1,1,1,1,1,1
SIDM00958,1,1,1,1,1,1,1
SIDM00706,1,1,1,1,1,1,1
SIDM00512,1,1,1,1,1,1,1
SIDM00107,1,1,1,1,1,1,1
SIDM00290,1,1,1,1,1,1,1
SIDM00363,1,1,1,1,1,1,1
SIDM00749,1,1,1,1,1,1,1
SIDM00653,1,1,1,1,1,1,1
SIDM00239,1,1,1,1,1,1,1
SIDM00615,1,1,1,1,1,1,1
SIDM00578,1,1,1,1,1,1,1
SIDM00498,1,1,1,1,1,1,1
SIDM01098,1,1,1,1,1,1,1
SIDM00882,1,1,1,1,1,1,1
SIDM00136,1,1,1,1,1,1,1
SIDM01233,1,1,1,1,1,1,1
SIDM00418,1,1,1,1,1,1,1
SIDM00494,1,1,1,1,1,1,1
SIDM00091,1,1,1,1,1,1,1
SIDM01137,1,1,1,1,1,1,1
SIDM00238,1,1,1,1,1,1,1
SIDM00713,1,1,1,1,1,1,1
SIDM01196,1,1,1,1,1,1,1
SIDM00327,1,1,1,1,1,1,1
SIDM00590,1,1,1,1,1,1,1
SIDM01028,1,1,1,1,1,1,1
SIDM00606,1,1,1,1,1,1,1
SIDM01015,1,1,1,1,1,1,1
SIDM00326,1,1,1,1,1,1,1
SIDM00237,1,1,1,1,1,1,1
SIDM00210,1,1,1,1,1,1,1
SIDM00860,1,1,1,1,1,1,1
SIDM01012,1,1,1,1,1,1,1
SIDM00686,1,1,1,1,1,1,1
SIDM01079,1,1,1,1,1,1,1
SIDM00614,1,1,1,1,1,1,1
SIDM00341,1,1,1,1,1,1,1
SIDM00649,1,1,1,1,1,1,1
SIDM00316,1,1,1,1,1,1,1
SIDM01072,1,1,1,1,1,1,1
SIDM00554,1,1,1,1,1,1,1
SIDM00677,1,1,1,1,1,1,1
SIDM00322,1,1,1,1,1,1,1
SIDM00996,1,1,1,1,1,1,1
SIDM01070,1,1,1,1,1,1,1
SIDM00428,1,1,1,1,1,1,1
SIDM00708,1,1,1,1,1,1,1
SIDM00499,1,1,1,1,1,1,1
SIDM00779,1,1,1,1,1,1,1
SIDM00942,1,1,1,1,1,1,1
SIDM00834,1,1,1,1,1,1,1
SIDM00303,1,1,1,1,1,1,1
SIDM00640,1,1,1,1,1,1,1
SIDM00146,1,1,1,1,1,1,1
SIDM00903,1,1,1,1,1,1,1
SIDM00564,1,1,1,1,1,1,1
SIDM00348,1,1,1,1,1,1,1
SIDM00084,1,1,1,1,1,1,1
SIDM01029,1,1,1,1,1,1,1
SIDM00847,1,1,1,1,1,1,1
SIDM00213,1,1,1,1,1,1,1
SIDM01110,1,1,1,1,1,1,1
SIDM01169,1,1,1,1,1,1,1
SIDM00832,1,1,1,1,1,1,1
SIDM00097,1,1,1,1,1,1,1
SIDM00193,1,1,1,1,1,1,1
SIDM00405,1,1,1,1,1,1,1
SIDM00998,1,1,1,1,1,1,1
SIDM01130,1,1,1,1,1,1,1
SIDM00695,1,1,1,1,1,1,1
SIDM00762,1,1,1,1,1,1,1
SIDM00684,1,1,1,1,1,1,1
SIDM00588,1,1,1,1,1,1,1
SIDM01180,1,1,1,1,1,1,1
SIDM01144,1,1,1,1,1,1,1
SIDM00358,1,1,1,1,1,1,1
SIDM00728,1,1,1,1,1,1,1
SIDM00997,1,1,1,1,1,1,1
SIDM00334,1,1,1,1,1,1,1
SIDM01087,1,1,1,1,1,1,1
SIDM00733,1,1,1,1,1,1,1
SIDM00888,1,1,1,1,1,1,1
SIDM00950,1,1,1,1,1,1,1
SIDM00941,1,1,1,1,1,1,1
SIDM00495,1,1,1,1,1,1,1
SIDM00567,1,1,1,1,1,1,1
SIDM00528,1,1,1,1,1,1,1
SIDM00429,1,1,1,1,1,1,1
SIDM00284,1,1,1,1,1,1,1
SIDM01165,1,1,1,1,1,1,1
SIDM00125,1,1,1,1,1,1,1
SIDM00344,1,1,1,1,1,1,1
SIDM00920,1,1,1,1,1,1,1
SIDM00474,1,1,1,1,1,1,1
SIDM00993,1,1,1,1,1,1,1
SIDM01191,1,1,1,1,1,1,1
SIDM01106,1,1,1,1,1,1,1
SIDM00929,1,1,1,1,1,1,1
SIDM00392,1,1,1,1,1,1,1
SIDM00340,1,1,1,1,1,1,1
SIDM00740,1,1,1,1,1,1,1
SIDM00693,1,1,1,1,1,1,1
SIDM00411,1,1,1,1,1,1,1
SIDM01005,1,1,1,1,1,1,1
SIDM01009,1,1,1,1,1,1,1
SIDM01033,1,1,1,1,1,1,1
SIDM00973,1,1,1,1,1,1,1
SIDM00139,1,1,1,1,1,1,1
SIDM00325,1,1,1,1,1,1,1
SIDM00312,1,1,1,1,1,1,1
SIDM00515,1,1,1,1,1,1,1
SIDM01043,1,1,1,1,1,1,1
SIDM00272,1,1,1,1,1,1,1
SIDM00122,1,1,1,1,1,1,1
SIDM00473,1,1,1,1,1,1,1
SIDM01103,1,1,1,1,1,1,1
SIDM00339,1,1,1,1,1,1,1
SIDM00336,1,1,1,1,1,1,1
SIDM01031,1,1,1,1,1,1,1
SIDM00212,1,1,1,1,1,1,1
SIDM00661,1,1,1,1,1,1,1
SIDM00931,1,1,1,1,1,1,1
SIDM01139,1,1,1,1,1,1,1
SIDM01170,1,1,1,1,1,1,1
SIDM01101,1,1,1,1,1,1,1
SIDM00947,1,1,1,1,1,1,1
SIDM01030,1,1,1,1,1,1,1
SIDM00575,1,1,1,1,1,1,1
SIDM01032,1,1,1,1,1,1,1
SIDM00741,1,1,1,1,1,1,1
SIDM00866,1,1,1,1,1,1,1
SIDM00534,1,1,1,1,1,1,1
SIDM00140,1,1,1,1,1,1,1
SIDM00078,1,1,1,1,1,1,1
SIDM00095,1,1,1,1,1,1,1
SIDM00753,1,1,1,1,1,1,1
SIDM00743,1,1,1,1,1,1,1
SIDM00791,1,1,1,1,1,1,1
SIDM01008,1,1,1,1,1,1,1
SIDM00837,1,1,1,1,1,1,1
SIDM00782,1,1,1,1,1,1,1
SIDM00525,1,1,1,1,1,1,1
SIDM00085,1,1,1,1,1,1,1
SIDM00347,1,1,1,1,1,1,1
SIDM00513,1,1,1,1,1,1,1
SIDM01190,1,1,1,1,1,1,1
SIDM01136,1,1,1,1,1,1,1
SIDM00611,1,1,1,1,1,1,1
SIDM00333,1,1,1,1,1,1,1
SIDM00607,1,1,1,1,1,1,1
SIDM00884,1,1,1,1,1,1,1
SIDM00999,1,1,1,1,1,1,1
SIDM00509,1,1,1,1,1,1,1
SIDM00083,1,1,1,1,1,1,1
SIDM00704,1,1,1,1,1,1,1
SIDM00875,1,1,1,1,1,1,1
SIDM00305,1,1,1,1,1,1,1
SIDM01076,1,1,1,1,1,1,1
SIDM00745,1,1,1,1,1,1,1
SIDM00487,1,1,1,1,1,1,1
SIDM00778,1,1,1,1,1,1,1
SIDM00548,1,1,1,1,1,1,1
SIDM01163,1,1,1,1,1,1,1
SIDM00359,1,1,1,1,1,1,1
SIDM00117,1,1,1,1,1,1,1
SIDM00937,1,1,1,1,1,1,1
SIDM00850,1,1,1,1,1,1,1
SIDM00349,1,1,1,1,1,1,1
SIDM00776,1,1,1,1,1,1,1
SIDM01052,1,1,1,1,1,1,1
SIDM00628,1,1,1,1,1,1,1
SIDM00676,1,1,1,1,1,1,1
SIDM00617,1,1,1,1,1,1,1
SIDM00685,1,1,1,1,1,1,1
SIDM00130,1,1,1,1,1,1,1
SIDM00980,1,1,1,1,1,1,1
SIDM01044,1,1,1,1,1,1,1
SIDM00119,1,1,1,1,1,1,1
SIDM00278,1,1,1,1,1,1,1
SIDM01036,1,1,1,1,1,1,1
SIDM00687,1,1,1,1,1,1,1
SIDM01056,1,1,1,1,1,1,1
SIDM00455,1,1,1,1,1,1,1
SIDM01124,1,1,1,1,1,1,1
SIDM01150,1,1,1,1,1,1,1
SIDM00447,1,1,1,1,1,1,1
SIDM00446,1,1,1,1,1,1,1
SIDM00949,1,1,1,1,1,1,1
SIDM00657,1,1,1,1,1,1,1
SIDM00313,1,1,1,1,1,1,1
SIDM00301,1,1,1,1,1,1,1
SIDM01089,1,1,1,1,1,1,1
SIDM01088,1,1,1,1,1,1,1
SIDM01112,1,1,1,1,1,1,1
SIDM00581,1,1,1,1,1,1,1
SIDM00273,1,1,1,1,1,1,1
SIDM00437,1,1,1,1,1,1,1
SIDM00986,1,1,1,1,1,1,1
SIDM00940,1,1,1,1,1,1,1
SIDM00680,1,1,1,1,1,1,1
SIDM00755,1,1,1,1,1,1,1
SIDM00529,1,1,1,1,1,1,1
SIDM00402,1,1,1,1,1,1,1
SIDM01067,1,1,1,1,1,1,1
SIDM00090,1,1,1,1,1,1,1
SIDM00957,1,1,1,1,1,1,1
SIDM00387,1,1,1,1,1,1,1
SIDM00983,1,1,1,1,1,1,1
SIDM00382,1,1,1,1,1,1,1
SIDM00965,1,1,1,1,1,1,1
SIDM00511,1,1,1,1,1,1,1
SIDM00956,1,1,1,1,1,1,1
SIDM00142,1,1,1,1,1,1,1
SIDM00720,1,1,1,1,1,1,1
SIDM00848,1,1,1,1,1,1,1
SIDM00675,1,1,1,1,1,1,1
SIDM01194,1,1,1,1,1,1,1
SIDM00138,1,1,1,1,1,1,1
SIDM01128,1,1,1,1,1,1,1
SIDM00485,1,1,1,1,1,1,1
SIDM00425,1,1,1,1,1,1,1
SIDM00335,1,1,1,1,1,1,1
SIDM00556,1,1,1,1,1,1,1
SIDM00748,1,1,1,1,1,1,1
SIDM00523,1,1,1,1,1,1,1
SIDM00988,1,1,1,1,1,1,1
SIDM00460,1,1,1,1,1,1,1
SIDM00783,1,1,1,1,1,1,1
SIDM00250,1,1,1,1,1,1,1
SIDM00352,1,1,1,1,1,1,1
SIDM00503,1,1,1,1,1,1,1
SIDM01099,1,1,1,1,1,1,1
SIDM01100,1,1,1,1,1,1,1
SIDM01048,1,1,1,1,1,1,1
SIDM00861,1,1,1,1,1,1,1
SIDM00401,1,1,1,1,1,1,1
SIDM01188,1,1,1,1,1,1,1
SIDM01147,1,1,1,1,1,1,1
SIDM01068,1,1,1,1,1,1,1
SIDM00756,1,1,1,1,1,1,1
SIDM00353,1,1,1,1,1,1,1
SIDM00944,1,1,1,1,1,1,1
SIDM01082,1,1,1,1,1,1,1
SIDM00703,1,1,1,1,1,1,1
SIDM00111,1,1,1,1,1,1,1
SIDM00194,1,1,1,1,1,1,1
SIDM00722,1,1,1,1,1,1,1
SIDM00453,1,1,1,1,1,1,1
SIDM01155,1,1,1,1,1,1,1
SIDM00337,1,1,1,1,1,1,1
SIDM00568,1,1,1,1,1,1,1
SIDM01045,1,1,1,1,1,1,1
SIDM00602,1,1,1,1,1,1,1
SIDM00803,1,1,1,1,1,1,1
SIDM00828,1,1,1,1,1,1,1
SIDM00910,1,1,1,1,1,1,1
SIDM00853,1,1,1,1,1,1,1
SIDM00527,1,1,1,1,1,1,1
SIDM01060,1,1,1,1,1,1,1
SIDM01119,1,1,1,1,1,1,1
SIDM00541,1,1,1,1,1,1,1
SIDM01197,1,1,1,1,1,1,1
SIDM00547,1,1,1,1,1,1,1
SIDM00609,1,1,1,1,1,1,1
SIDM00833,1,1,1,1,1,1,1
SIDM00616,1,1,1,1,1,1,1
SIDM00315,1,1,1,1,1,1,1
SIDM00469,1,1,1,1,1,1,1
SIDM00702,1,1,1,1,1,1,1
SIDM00419,1,1,1,1,1,1,1
SIDM00678,1,1,1,1,1,1,1
SIDM00734,1,1,1,1,1,1,1
SIDM00807,1,1,1,1,1,1,1
SIDM00936,1,1,1,1,1,1,1
SIDM00345,1,1,1,1,1,1,1
SIDM00933,1,1,1,1,1,1,1
SIDM01125,1,1,1,1,1,1,1
SIDM00926,1,1,1,1,1,1,1
SIDM01146,1,1,1,1,1,1,1
SIDM01138,1,1,1,1,1,1,1
SIDM00478,1,1,1,1,1,1,1
SIDM00477,1,1,1,1,1,1,1
SIDM00493,1,1,1,1,1,1,1
SIDM00835,1,1,1,1,1,1,1
SIDM00641,1,1,1,1,1,1,1
SIDM00613,1,1,1,1,1,1,1
SIDM00654,1,1,1,1,1,1,1
SIDM00771,1,1,1,1,1,1,1
SIDM00927,1,1,1,1,1,1,1
SIDM00715,1,1,1,1,1,1,1
SIDM00449,1,1,1,1,1,1,1
SIDM00108,1,1,1,1,1,1,1
SIDM00328,1,1,1,1,1,1,1
SIDM00598,1,1,1,1,1,1,1
SIDM00492,1,1,1,1,1,1,1
SIDM01090,1,1,1,1,1,1,1
SIDM00763,1,1,1,1,1,1,1
SIDM00716,1,1,1,1,1,1,1
SIDM00391,1,1,1,1,1,1,1
SIDM00799,1,1,1,1,1,1,1
SIDM01059,1,1,1,1,1,1,1
SIDM00552,1,1,1,1,1,1,1
SIDM01199,1,1,1,1,1,1,1
SIDM01000,1,1,1,1,1,1,1
SIDM00982,1,1,1,1,1,1,1
SIDM00390,1,1,1,1,1,1,1
SIDM01171,1,1,1,1,1,1,1
SIDM00789,1,1,1,1,1,1,1
SIDM00852,1,1,1,1,1,1,1
SIDM00689,1,1,1,1,1,1,1
SIDM00371,1,1,1,1,1,1,1
SIDM01265,1,1,1,1,1,1,1
SIDM00987,1,1,1,1,1,1,1
SIDM00580,1,1,1,1,1,1,1
SIDM00389,1,1,1,1,1,1,1
SIDM00423,1,1,1,1,1,1,1
SIDM00989,1,1,1,1,1,1,1
SIDM00151,1,1,1,1,1,1,1
SIDM01080,1,1,1,1,1,1,1
SIDM00480,1,1,1,1,1,1,1
SIDM01004,1,1,1,1,1,1,1
SIDM00750,1,1,1,1,1,1,1
SIDM00839,1,1,1,1,1,1,1
SIDM00457,1,1,1,1,1,1,1
SIDM00874,1,1,1,1,1,1,1
SIDM01113,1,1,1,1,1,1,1
SIDM00630,1,1,1,1,1,1,1
SIDM01181,1,1,1,1,1,1,1
SIDM01047,1,1,1,1,1,1,1
SIDM00105,1,1,1,1,1,1,1
SIDM00486,1,1,1,1,1,1,1
SIDM00867,1,1,1,1,1,1,1
SIDM01186,1,1,1,1,1,1,1
SIDM00079,1,1,1,1,1,1,1
SIDM00594,1,1,1,1,1,1,1
SIDM00148,1,1,1,1,1,1,1
SIDM00308,1,1,1,1,1,1,1
SIDM00421,1,1,1,1,1,1,1
SIDM01172,1,1,1,1,1,1,1
SIDM01003,1,1,1,1,1,1,1
SIDM00881,1,1,1,1,1,1,1
SIDM00797,1,1,1,1,1,1,1
SIDM01131,1,1,1,1,1,1,1
SIDM00885,1,1,1,1,1,1,1
SIDM00796,1,1,1,1,1,1,1
SIDM00890,1,1,1,1,1,1,1
SIDM00673,1,1,1,1,1,1,1
SIDM01135,1,1,1,1,1,1,1
SIDM00082,1,1,1,1,1,1,1
SIDM00572,1,1,1,1,1,1,1
SIDM00718,1,1,1,1,1,1,1
SIDM01081,1,1,1,1,1,1,1
SIDM01182,1,1,1,1,1,1,1
SIDM00746,1,1,1,1,1,1,1
SIDM00373,1,1,1,1,1,1,1
SIDM00235,1,1,1,1,1,1,1
SIDM01154,1,1,1,1,1,1,1
SIDM00770,1,1,1,1,1,1,1
SIDM01001,1,1,1,1,1,1,1
SIDM00369,1,1,1,1,1,1,1
SIDM01024,1,1,1,1,1,1,1
SIDM00759,1,1,1,1,1,1,1
SIDM00855,1,1,1,1,1,1,1
SIDM01055,1,1,1,1,1,1,1
SIDM00934,1,1,1,1,1,1,1
SIDM00738,1,1,1,1,1,1,1
SIDM01057,1,1,0,1,1,1,1
SIDM00463,1,1,0,1,1,1,1
SIDM00652,1,1,0,1,1,1,1
SIDM00292,1,1,1,1,1,1,0
SIDM00604,1,1,1,1,1,1,0
SIDM01189,1,1,1,1,0,1,1
SIDM00943,1,1,0,1,1,1,1
SIDM00844,1,1,1,1,1,0,1
SIDM01132,1,1,1,1,1,1,0
SIDM00625,1,1,0,1,1,1,1
SIDM00306,1,1,0,1,1,1,1
SIDM01176,1,1,0,1,1,1,1
SIDM00277,1,1,1,1,1,0,1
SIDM00149,1,1,0,1,1,1,1
SIDM00710,1,1,0,1,1,1,1
SIDM00324,1,1,1,1,1,1,0
SIDM00646,1,1,0,1,1,1,1
SIDM00294,1,1,1,1,1,1,0
SIDM01064,1,1,0,1,1,1,1
SIDM00985,1,1,0,1,1,1,1
SIDM00431,1,1,0,1,1,1,1
SIDM00412,1,1,1,1,1,1,0
SIDM00394,1,1,1,1,1,1,0
SIDM00760,1,1,0,1,1,1,1
SIDM01086,1,1,0,1,1,1,1
SIDM00577,1,1,1,1,1,1,0
SIDM00971,1,1,0,1,1,1,1
SIDM00458,1,1,0,1,1,1,1
SIDM00414,1,1,1,1,0,1,1
SIDM00829,1,1,0,1,1,1,1
SIDM00380,1,1,0,1,1,1,1
SIDM00342,1,1,0,1,1,1,1
SIDM00132,1,1,1,1,1,0,1
SIDM00812,1,1,0,1,1,1,1
SIDM00360,1,1,0,1,1,1,1
SIDM00403,1,1,0,1,1,1,1
SIDM00143,1,1,0,1,1,1,1
SIDM01037,1,1,1,1,1,0,1
SIDM00565,1,1,1,1,1,1,0
SIDM00279,1,1,0,1,1,1,1
SIDM01174,1,1,1,1,1,1,0
SIDM00144,1,1,1,1,1,0,1
SIDM00286,1,1,0,1,1,1,1
SIDM00901,1,1,0,1,1,1,1
SIDM01097,1,1,1,1,1,1,0
SIDM00506,1,1,0,1,1,1,1
SIDM01020,1,1,0,1,1,1,1
SIDM00739,1,1,0,1,1,1,1
SIDM00889,1,1,1,1,1,1,0
SIDM00723,1,1,0,1,1,1,1
SIDM00735,1,1,0,1,1,1,1
SIDM01161,1,1,1,1,1,1,0
SIDM00724,1,1,0,1,1,1,1
SIDM00600,1,1,1,1,1,1,0
SIDM00215,1,1,0,1,1,1,1
SIDM01085,1,1,0,1,1,1,1
SIDM00249,1,1,0,1,1,1,1
SIDM01023,1,1,0,1,1,1,1
SIDM00698,1,1,0,1,1,1,1
SIDM00280,1,1,0,1,1,1,1
SIDM00526,1,1,0,1,1,1,1
SIDM00665,1,1,1,1,1,0,1
SIDM00892,1,1,0,1,1,1,1
SIDM00638,1,1,1,1,1,1,0
SIDM00555,1,1,0,1,1,1,1
SIDM01016,1,1,1,1,1,0,1
SIDM01058,1,1,0,1,1,1,1
SIDM00761,1,1,0,1,1,1,1
SIDM00135,1,1,1,1,1,0,1
SIDM00683,1,1,1,1,1,0,1
SIDM00472,1,1,1,1,1,1,0
SIDM00670,1,1,0,1,1,1,1
SIDM00133,1,1,1,1,1,0,1
SIDM00831,1,1,1,1,1,0,1
SIDM00274,1,0,1,1,1,1,1
SIDM00296,1,1,1,1,1,1,0
SIDM00794,1,1,1,1,1,1,0
SIDM00603,1,1,1,1,1,1,0
SIDM00909,1,1,0,1,1,1,1
SIDM00420,1,1,0,1,1,1,1
SIDM01096,1,1,0,1,1,1,1
SIDM00608,1,1,1,1,1,0,1
SIDM00681,1,1,1,0,1,1,1
SIDM01121,1,1,0,1,1,1,1
SIDM00963,1,1,0,1,1,1,1
SIDM00491,1,1,1,1,1,1,0
SIDM01179,1,1,1,1,1,1,0
SIDM00637,1,1,0,1,1,1,1
SIDM01084,1,1,1,1,1,0,1
SIDM00112,1,1,0,1,1,1,1
SIDM00252,1,1,1,1,1,1,0
SIDM00393,1,1,1,1,1,1,0
SIDM00570,1,1,0,1,1,1,1
SIDM00697,1,1,0,1,1,1,1
SIDM01198,1,1,1,1,0,1,1
SIDM00726,1,1,0,1,1,1,1
SIDM00377,1,1,1,1,1,1,0
SIDM00658,1,1,0,1,1,1,1
SIDM01116,1,1,0,1,1,1,1
SIDM00629,1,1,1,1,1,1,0
SIDM01078,1,1,1,1,1,0,1
SIDM00479,1,1,0,1,1,1,1
SIDM00368,1,1,0,1,1,1,1
SIDM00964,1,1,1,1,1,1,0
SIDM00505,1,1,1,1,1,0,1
SIDM00137,1,1,1,1,1,1,0
SIDM00318,1,1,1,1,1,0,1
SIDM00841,1,1,1,1,1,0,1
SIDM00321,1,1,1,1,1,0,1
SIDM00332,1,1,1,1,1,1,0
SIDM00961,1,1,0,1,1,1,1
SIDM00907,1,1,0,1,1,1,1
SIDM01145,1,1,1,1,1,0,1
SIDM00081,1,1,0,1,1,1,1
SIDM00887,1,1,1,1,1,0,1
SIDM00227,1,1,1,1,1,1,0
SIDM00747,1,1,0,1,1,1,1
SIDM00475,1,1,0,1,1,1,1
SIDM00669,1,1,1,1,0,1,1
SIDM00046,1,1,0,1,1,1,1
SIDM00806,1,1,0,1,1,1,1
SIDM00537,1,1,1,1,1,1,0
SIDM00501,1,1,1,1,1,1,0
SIDM01168,1,1,1,1,1,1,0
SIDM00729,1,1,0,1,1,1,1
SIDM00932,1,1,0,1,1,1,1
SIDM00538,1,1,1,1,1,1,0
SIDM00798,1,1,0,1,1,1,1
SIDM00251,1,1,0,1,1,1,1
SIDM00730,1,1,0,1,1,1,1
SIDM00346,1,1,0,1,1,1,1
SIDM00744,1,1,0,1,1,1,1
SIDM01063,1,1,1,1,0,1,1
SIDM00854,1,1,0,1,1,1,1
SIDM01105,1,1,0,1,1,1,1
SIDM00878,1,1,0,1,1,1,1
SIDM00406,1,1,1,1,0,1,1
SIDM00939,1,1,0,1,1,1,1
SIDM00754,1,1,0,1,1,1,1
SIDM01107,1,1,0,1,1,1,1
SIDM01157,1,1,1,1,1,1,0
SIDM00396,1,1,0,1,1,1,1
SIDM01164,1,1,0,1,1,1,1
SIDM00522,1,1,0,1,1,1,1
SIDM00317,1,1,0,1,1,1,1
SIDM01160,1,1,0,1,1,1,1
SIDM00454,1,1,0,1,1,1,1
SIDM00919,1,1,1,1,1,0,1
SIDM00374,1,1,1,1,1,1,0
SIDM01111,1,1,0,1,1,1,1
SIDM00930,1,1,1,1,1,1,0
SIDM01173,1,1,0,1,1,1,1
SIDM00582,1,1,1,1,1,0,1
SIDM00434,1,1,0,1,1,1,1
SIDM01134,1,1,1,1,0,1,1
SIDM01162,1,1,1,1,1,1,0
SIDM00533,1,1,1,1,1,0,1
SIDM00899,1,1,1,1,1,0,1
SIDM00858,1,1,1,1,1,0,1
SIDM01187,1,1,0,1,1,1,1
SIDM01140,1,1,1,1,1,1,0
SIDM00426,1,1,0,1,1,1,1
SIDM01071,1,1,0,1,1,1,1
SIDM00484,1,1,0,1,1,1,1
SIDM00216,1,1,0,1,1,1,1
SIDM00664,1,1,1,1,1,0,1
SIDM01184,1,1,1,1,1,0,1
SIDM00566,1,1,1,1,1,1,0
SIDM00123,1,1,0,1,1,1,1
SIDM00483,1,1,1,1,1,1,0
SIDM00905,1,1,1,1,1,1,0
SIDM01013,1,1,0,1,1,1,1
SIDM00769,1,1,0,1,1,1,1
SIDM00849,1,1,0,1,1,1,1
SIDM00596,1,1,1,1,1,1,0
SIDM01151,1,1,1,1,0,1,1
SIDM00282,1,1,0,1,1,1,1
SIDM01083,1,1,0,1,1,1,1
SIDM00355,1,1,0,1,1,1,1
SIDM00785,1,1,0,1,1,1,1
SIDM00990,1,1,0,1,1,1,1
SIDM00663,1,1,0,1,1,1,1
SIDM00585,1,1,1,1,1,0,1
SIDM00124,1,1,0,1,1,1,1
SIDM00443,1,1,0,1,1,1,1
SIDM00350,1,1,1,1,1,1,0
SIDM00877,1,1,0,1,1,1,1
SIDM00768,1,1,1,1,0,1,1
SIDM00214,1,1,0,1,1,1,1
SIDM00461,1,1,0,1,1,1,1
SIDM00962,1,1,0,1,1,1,1
SIDM00338,1,1,0,1,1,1,1
SIDM00354,1,1,1,1,1,0,1
SIDM00417,1,1,0,1,1,1,1
SIDM01077,1,1,1,1,1,0,1
SIDM01062,1,1,0,1,1,1,1
SIDM00560,1,1,0,1,1,1,1
SIDM01002,1,1,0,1,1,1,1
SIDM00857,1,1,0,1,1,1,1
SIDM01129,1,1,0,1,1,1,1
SIDM00531,1,1,1,1,1,0,1
SIDM01218,1,1,1,1,1,1,0
SIDM00772,1,1,0,1,1,1,1
SIDM00242,1,1,1,1,1,1,0
SIDM00351,1,1,1,1,1,1,0
SIDM00466,1,1,0,1,1,1,1
SIDM00356,1,1,0,1,1,1,1
SIDM00557,1,1,0,1,1,1,1
SIDM01034,1,1,0,1,1,1,1
SIDM00751,1,1,0,1,1,1,1
SIDM00120,1,0,1,1,1,1,1
SIDM01069,1,1,1,1,0,1,1
SIDM00134,1,1,0,1,1,1,1
SIDM00444,1,1,1,1,1,1,0
SIDM01041,1,1,1,1,1,1,0
SIDM00080,1,1,0,1,1,1,1
SIDM01148,1,1,0,1,1,1,1
SIDM00407,1,1,0,1,1,1,1
SIDM01006,1,1,0,1,1,1,1
SIDM00856,1,1,0,1,1,1,1
SIDM00539,1,1,1,1,1,1,0
SIDM00938,1,1,0,1,1,1,1
SIDM01123,1,1,0,1,1,1,1
SIDM00589,1,1,1,1,1,1,0
SIDM00092,1,1,0,1,1,1,1
SIDM00224,1,1,0,1,1,1,1
SIDM00924,1,1,1,1,1,0,1
SIDM00450,1,1,0,1,1,1,1
SIDM00364,1,1,1,1,1,1,0
SIDM00679,1,1,1,1,1,1,0
SIDM00879,1,1,0,1,1,1,1
SIDM00490,1,1,1,1,1,0,1
SIDM00462,1,1,1,1,0,1,1
SIDM00921,1,1,1,1,1,0,1
SIDM00810,1,1,1,1,1,1,0
SIDM00981,1,1,0,1,1,1,1
SIDM00992,1,1,1,1,1,0,1
SIDM00946,1,1,0,1,1,1,1
SIDM00131,1,1,1,1,0,1,1
SIDM00954,1,1,1,1,1,1,0
SIDM00893,1,1,0,1,1,1,1
SIDM00376,1,1,0,1,1,1,1
SIDM00521,1,1,0,1,1,1,1
SIDM00995,1,1,1,1,1,1,0
SIDM00994,1,1,0,1,1,1,1
SIDM00524,1,1,0,1,1,1,1
SIDM01018,1,1,0,1,1,1,1
SIDM00671,1,1,0,1,1,1,1
SIDM00587,1,1,1,1,1,0,1
SIDM01127,1,1,0,1,1,1,1
SIDM00413,1,1,0,1,1,1,1
SIDM00766,1,1,0,1,1,1,1
SIDM01109,1,1,1,1,1,1,0
SIDM01040,1,1,0,1,1,1,1
SIDM00586,1,1,1,1,1,0,1
SIDM00870,1,1,1,1,0,1,1
SIDM00329,1,1,0,1,1,1,1
SIDM01038,1,1,0,1,1,1,1
SIDM00222,1,1,1,1,1,1,0
SIDM00727,1,1,0,1,1,1,1
SIDM00777,1,1,0,1,1,1,1
SIDM00666,1,1,1,1,1,0,1
SIDM00709,1,1,0,1,1,1,1
SIDM00865,1,1,0,1,1,1,1
SIDM01039,1,1,1,1,1,1,0
SIDM01066,1,1,0,1,1,1,1
SIDM01228,1,0,0,1,1,1,1
SIDM00918,1,1,1,1,1,0,0
SIDM00384,1,1,0,1,1,1,0
SIDM00225,1,0,1,1,1,1,0
SIDM00052,1,0,1,1,1,1,0
SIDM00115,1,0,1,1,1,1,0
SIDM00370,1,1,0,1,1,0,1
SIDM00476,1,1,0,1,1,1,0
SIDM00845,1,1,0,1,1,0,1
SIDM00809,1,1,1,1,0,1,0
SIDM00774,1,1,0,1,1,1,0
SIDM00018,1,1,0,0,1,1,1
SIDM00859,1,1,1,1,1,0,0
SIDM00435,1,1,0,1,1,0,1
SIDM00540,1,0,1,1,1,1,0
SIDM00968,1,0,1,1,1,1,0
SIDM01042,1,0,1,1,1,1,0
SIDM00826,1,0,1,1,1,1,0
SIDM00118,1,0,1,1,1,1,0
SIDM00381,1,1,1,1,1,0,0
SIDM00375,1,0,1,1,1,1,0
SIDM00672,1,1,0,1,1,0,1
SIDM01229,1,0,1,1,1,1,0
SIDM00496,1,1,0,1,1,1,0
SIDM00711,1,0,0,1,1,1,1
SIDM01074,1,1,0,1,0,1,1
SIDM00383,1,0,1,1,1,1,0
SIDM00960,1,1,0,1,0,1,1
SIDM00530,1,0,1,1,1,1,0
SIDM00928,1,1,0,1,0,1,1
SIDM00699,1,0,0,1,1,1,1
SIDM00775,1,1,1,0,0,1,1
SIDM00955,1,1,0,1,1,0,1
SIDM00253,1,0,1,1,1,1,0
SIDM00042,1,0,1,1,1,1,0
SIDM00574,1,1,1,1,1,0,0
SIDM00639,1,1,1,0,0,1,1
SIDM00801,1,1,0,1,0,1,1
SIDM00502,1,1,0,1,1,0,1
SIDM00922,1,1,0,1,1,0,1
SIDM00217,1,1,0,1,0,1,1
SIDM00255,1,0,1,1,1,1,0
SIDM00201,1,0,1,1,1,1,0
SIDM00655,1,1,0,1,1,1,0
SIDM00731,1,1,0,1,0,1,1
SIDM00172,1,0,1,1,1,1,0
SIDM00264,1,0,1,1,1,1,0
SIDM00814,1,1,0,1,1,1,0
SIDM00261,1,0,1,1,1,1,0
SIDM00923,1,1,1,1,1,0,0
SIDM00207,1,0,1,1,1,1,0
SIDM00205,1,0,1,1,1,1,0
SIDM01158,1,1,0,1,0,1,1
SIDM01108,1,0,0,1,1,1,1
SIDM00979,1,1,1,0,0,1,1
SIDM00254,1,0,1,1,1,1,0
SIDM01248,1,0,0,1,1,1,1
SIDM00260,1,0,1,1,1,1,0
SIDM00481,0,1,0,1,1,1,1
SIDM00209,1,0,1,1,1,1,0
SIDM00035,1,1,1,0,0,1,1
SIDM00096,1,1,0,1,1,1,0
SIDM00433,1,0,0,1,1,1,1
SIDM00071,1,1,1,0,0,1,1
SIDM00416,1,1,0,1,1,1,0
SIDM00127,1,0,1,1,1,1,0
SIDM00504,1,0,1,1,1,1,0
SIDM00043,1,0,1,1,1,1,0
SIDM00208,1,0,1,1,1,1,0
SIDM00415,1,0,1,1,1,1,0
SIDM00218,1,1,0,1,1,1,0
SIDM00331,1,1,0,1,0,1,1
SIDM00244,1,0,1,1,1,1,0
SIDM00633,1,1,0,1,1,0,1
SIDM01246,1,0,1,1,1,1,0
SIDM00001,1,1,1,0,0,1,1
SIDM00198,1,0,1,1,1,1,0
SIDM01093,1,1,1,1,1,0,0
SIDM00187,1,0,1,1,1,1,0
SIDM00612,1,0,1,1,1,1,0
SIDM00632,1,0,1,1,1,1,0
SIDM00535,1,1,0,1,1,1,0
SIDM00551,1,0,1,1,1,1,0
SIDM01220,1,0,1,1,1,1,0
SIDM00815,1,1,1,1,1,0,0
SIDM00320,1,0,1,1,1,1,0
SIDM00128,1,0,1,1,1,1,0
SIDM00226,1,1,1,0,0,1,1
SIDM00291,1,1,0,1,1,1,0
SIDM01049,1,1,0,1,0,1,1
SIDM00263,1,0,1,1,1,1,0
SIDM00257,1,0,1,1,1,1,0
SIDM00544,1,1,0,1,1,1,0
SIDM00196,1,0,1,1,1,1,0
SIDM00182,1,0,1,1,1,1,0
SIDM00864,1,1,1,1,1,0,0
SIDM00156,1,0,1,1,1,1,0
SIDM00379,1,0,1,1,1,1,0
SIDM00157,1,0,1,1,1,1,0
SIDM00819,1,0,1,1,1,1,0
SIDM00465,1,0,1,1,1,1,0
SIDM00259,1,0,1,1,1,1,0
SIDM00241,1,0,1,1,1,1,0
SIDM00583,1,0,1,1,1,1,0
SIDM00271,1,1,0,1,0,1,1
SIDM00285,1,1,1,1,0,1,0
SIDM00969,1,0,1,1,1,1,0
SIDM00270,1,0,1,1,1,1,0
SIDM01104,1,1,0,1,0,1,1
SIDM00967,1,0,1,1,1,1,0
SIDM01195,1,1,1,0,0,1,1
SIDM00545,1,1,0,1,1,0,1
SIDM00489,1,1,1,1,1,0,0
SIDM00065,1,1,1,0,0,1,1
SIDM00044,1,0,1,1,1,1,0
SIDM00599,1,1,1,1,1,0,0
SIDM01022,1,1,1,0,0,1,1
SIDM01203,1,1,1,1,1,0,0
SIDM00591,1,1,1,1,1,0,0
SIDM00644,1,1,0,1,0,1,1
SIDM01050,1,1,1,1,0,1,0
SIDM00442,1,1,0,1,1,0,1
SIDM00758,1,0,1,1,1,1,0
SIDM00045,1,0,1,1,1,1,0
SIDM01752,1,1,1,0,0,0,1
SIDM01449,1,1,1,0,0,0,1
SIDM01569,1,1,1,0,0,0,1
SIDM00197,1,0,0,1,1,1,0
SIDM00836,1,1,1,0,0,0,1
SIDM00223,1,0,0,1,1,1,0
SIDM00192,1,1,1,0,0,0,1
SIDM00094,1,0,0,1,1,1,0
SIDM00895,1,0,0,1,1,1,0
SIDM01178,1,0,0,1,1,1,0
SIDM00062,1,1,1,0,0,0,1
SIDM01502,1,1,1,0,0,0,1
SIDM01320,1,1,1,0,0,0,1
SIDM01363,1,1,1,0,0,0,1
SIDM00074,1,1,1,0,0,0,1
SIDM01251,1,0,0,1,1,1,0
SIDM00262,1,0,0,1,1,1,0
SIDM00648,1,0,0,1,1,1,0
SIDM01480,1,1,1,0,0,0,1
SIDM01120,1,0,0,1,1,1,0
SIDM00507,1,0,0,1,1,1,0
SIDM01245,1,0,0,1,1,1,0
SIDM00448,1,1,0,1,0,1,0
SIDM01622,1,1,1,0,0,0,1
SIDM00441,1,0,0,1,1,1,0
SIDM01185,1,0,0,1,1,1,0
SIDM00200,1,0,0,1,1,1,0
SIDM00023,1,0,0,1,1,1,0
SIDM00026,1,1,1,0,0,1,0
SIDM00179,1,0,0,1,1,1,0
SIDM00500,1,1,1,0,0,0,1
SIDM00966,1,0,0,1,1,1,0
SIDM01413,1,1,1,0,0,0,1
SIDM01617,1,1,1,0,0,0,1
SIDM01570,1,1,1,0,0,0,1
SIDM01498,1,1,1,0,0,0,1
SIDM00343,1,0,0,1,1,1,0
SIDM01437,1,1,1,0,0,0,1
SIDM00017,1,1,1,0,0,0,1
SIDM00427,1,0,0,1,1,1,0
SIDM00053,1,0,0,1,1,1,0
SIDM00129,1,0,0,1,1,1,0
SIDM00894,1,1,1,0,0,0,1
SIDM00232,1,0,0,1,1,1,0
SIDM00631,1,0,0,1,1,1,0
SIDM00049,1,0,1,1,1,0,0
SIDM00508,1,0,0,1,1,1,0
SIDM01336,1,1,1,0,0,0,1
SIDM00180,1,0,0,1,1,1,0
SIDM01560,1,1,1,0,0,0,1
SIDM01201,1,0,0,1,1,1,0
SIDM00069,1,1,1,0,0,1,0
SIDM00113,1,0,0,1,1,1,0
SIDM01210,1,0,0,1,1,1,0
SIDM00561,1,0,0,1,1,1,0
SIDM00549,1,0,0,1,1,1,0
SIDM00005,1,1,0,0,0,1,1
SIDM01463,1,1,1,0,0,0,1
SIDM00974,1,0,0,1,1,1,0
SIDM00047,1,0,0,1,1,1,0
SIDM00163,1,1,1,0,0,0,1
SIDM01628,1,1,1,0,0,0,1
SIDM01494,1,1,1,0,0,0,1
SIDM01436,1,1,1,0,0,0,1
SIDM00190,1,0,0,1,1,1,0
SIDM00863,1,0,0,1,1,1,0
SIDM00953,1,0,0,1,1,1,0
SIDM01378,1,1,1,0,0,0,1
SIDM01021,1,0,0,1,1,1,0
SIDM00488,1,0,0,1,1,1,0
SIDM00532,1,0,0,1,1,1,0
SIDM01518,1,1,1,0,0,0,1
SIDM00266,1,0,0,1,1,1,0
SIDM00467,1,0,0,1,1,1,0
SIDM00055,1,0,0,1,1,1,0
SIDM01343,1,1,1,0,0,0,1
SIDM00510,1,0,0,1,1,1,0
SIDM00056,1,0,0,1,1,1,0
SIDM00219,1,1,1,0,0,0,1
SIDM01573,1,1,1,0,0,0,1
SIDM01482,1,1,1,0,0,0,1
SIDM00248,1,1,1,0,0,0,1
SIDM01217,1,0,0,1,1,1,0
SIDM01331,1,1,1,0,0,0,1
SIDM00970,1,0,0,1,1,1,0
SIDM01448,1,1,1,0,0,0,1
SIDM01578,1,1,1,0,0,0,1
SIDM01614,1,1,1,0,0,0,1
SIDM00307,1,1,1,0,0,0,1
SIDM01117,1,0,0,1,1,1,0
SIDM01019,1,0,0,1,1,1,0
SIDM01559,1,1,1,0,0,0,1
SIDM00951,1,0,0,1,1,1,0
SIDM01546,1,1,1,0,0,0,1
SIDM01372,1,1,1,0,0,0,1
SIDM00592,1,0,0,1,1,1,0
SIDM01572,1,1,1,0,0,0,1
SIDM00175,1,0,0,1,1,1,0
SIDM01577,1,1,1,0,0,0,1
SIDM01640,1,1,1,0,0,0,1
SIDM01411,1,1,1,0,0,0,1
SIDM00781,1,0,0,1,1,1,0
SIDM01092,1,0,0,1,1,1,0
SIDM00072,1,1,1,0,0,1,0
SIDM01011,1,0,0,1,1,1,0
SIDM01512,1,1,1,0,0,0,1
SIDM01692,1,1,1,0,0,0,1
SIDM00166,1,1,1,0,0,0,1
SIDM00900,1,0,1,1,0,1,0
SIDM00036,1,1,1,0,0,0,1
SIDM00048,1,0,0,1,1,1,0
SIDM01606,1,1,1,0,0,0,1
SIDM00040,1,0,1,1,1,0,0
SIDM00459,1,1,0,1,1,0,0
SIDM00281,1,0,0,1,1,1,0
SIDM00267,1,0,0,1,1,1,0
SIDM00032,1,1,1,0,0,0,1
SIDM00269,1,0,0,1,1,1,0
SIDM00314,1,1,1,0,0,0,1
SIDM00073,1,1,1,0,0,1,0
SIDM01677,1,1,1,0,0,0,1
SIDM01781,1,1,1,0,0,0,1
SIDM01529,1,1,1,0,0,0,1
SIDM01492,1,1,1,0,0,0,1
SIDM01445,1,1,1,0,0,0,1
SIDM01323,1,1,1,0,0,0,1
SIDM01347,1,1,1,0,0,0,1
SIDM00897,1,1,1,0,0,0,1
SIDM01471,1,1,1,0,0,0,1
SIDM00620,1,0,0,1,1,1,0
SIDM00304,1,0,0,1,1,1,0
SIDM01472,1,1,1,0,0,0,1
SIDM00008,1,1,1,0,0,0,1
SIDM00186,1,0,0,1,1,1,0
SIDM01397,1,1,1,0,0,0,1
SIDM00388,1,0,0,1,1,1,0
SIDM01205,1,0,0,1,1,1,0
SIDM01464,1,1,1,0,0,0,1
SIDM01215,1,1,1,0,0,0,1
SIDM00546,1,1,1,0,0,0,1
SIDM00579,1,0,0,1,1,1,0
SIDM00289,1,0,0,1,1,1,0
SIDM01545,1,1,1,0,0,0,1
SIDM01582,1,1,1,0,0,0,1
SIDM01324,1,1,1,0,0,0,1
SIDM00952,1,0,0,1,1,1,0
SIDM00015,1,1,1,0,0,0,1
SIDM01393,1,1,1,0,0,0,1
SIDM00176,1,0,0,1,1,1,0
SIDM00293,1,0,0,1,1,1,0
SIDM01598,1,1,1,0,0,0,1
SIDM01460,1,1,1,0,0,0,1
SIDM01556,1,1,1,0,0,0,1
SIDM00230,1,0,0,1,1,1,0
SIDM00276,1,0,0,1,1,1,0
SIDM01611,1,1,1,0,0,0,1
SIDM00181,1,0,0,1,1,1,0
SIDM01237,1,0,0,1,1,1,0
SIDM00813,1,0,0,1,1,1,0
SIDM00203,1,0,0,1,1,1,0
SIDM01387,1,1,1,0,0,0,1
SIDM00155,1,0,1,1,0,1,0
SIDM01757,1,1,1,0,0,0,1
SIDM00688,1,0,0,1,1,1,0
SIDM00659,1,0,0,1,1,1,0
SIDM00287,1,0,0,1,1,1,0
SIDM00619,1,0,0,1,1,1,0
SIDM01183,1,0,0,1,1,1,0
SIDM01528,1,1,1,0,0,0,1
SIDM01469,1,1,1,0,0,0,1
SIDM01593,1,1,1,0,0,0,1
SIDM01167,1,1,1,0,0,0,1
SIDM00330,1,0,0,1,1,1,0
SIDM00206,1,0,0,1,1,1,0
SIDM01561,1,1,1,0,0,0,1
SIDM01587,1,1,1,0,0,0,1
SIDM00063,1,1,1,0,0,0,1
SIDM01443,1,1,1,0,0,0,1
SIDM01619,1,1,1,0,0,0,1
SIDM00816,1,0,0,1,1,1,0
SIDM01073,1,0,0,1,1,1,0
SIDM01454,1,1,1,0,0,0,1
SIDM00027,1,1,1,0,0,1,0
SIDM00410,1,0,0,1,1,1,0
SIDM00185,1,0,0,1,1,1,0
SIDM00211,1,0,0,1,1,1,0
SIDM00800,1,1,1,0,0,0,1
SIDM00700,1,0,0,1,1,1,0
SIDM01777,1,1,1,0,0,0,1
SIDM00161,1,1,1,0,0,0,1
SIDM01517,1,1,1,0,0,0,1
SIDM00821,1,0,0,1,1,1,0
SIDM00183,1,0,0,1,1,1,0
SIDM00367,1,0,0,1,1,1,0
SIDM00610,1,1,1,0,0,0,1
SIDM00283,1,0,0,1,1,1,0
SIDM00573,1,0,1,1,1,0,0
SIDM01102,1,0,0,1,1,1,0
SIDM00622,1,0,0,1,1,1,0
SIDM01659,1,1,1,0,0,0,1
SIDM00159,1,1,1,0,0,0,1
SIDM01756,1,1,1,0,0,0,1
SIDM00121,1,0,0,1,1,1,0
SIDM01696,1,1,1,0,0,0,1
SIDM00550,1,0,0,1,1,1,0
SIDM00184,1,0,0,1,1,1,0
SIDM01629,1,1,1,0,0,0,1
SIDM00984,1,0,0,1,1,1,0
SIDM00231,1,0,0,1,1,1,0
SIDM01118,1,0,0,1,1,1,0
SIDM00195,1,0,0,1,1,1,0
SIDM01442,1,1,1,0,0,0,1
SIDM00482,1,0,0,1,1,1,0
SIDM00976,1,0,0,1,1,1,0
SIDM01571,1,1,1,0,0,0,1
SIDM00627,1,0,0,1,1,1,0
SIDM01368,1,1,1,0,0,0,1
SIDM00191,1,0,0,1,1,1,0
SIDM00959,1,1,0,1,0,0,1
SIDM00719,1,0,0,1,1,1,0
SIDM01523,1,1,1,0,0,0,1
SIDM00165,1,1,1,0,0,0,1
SIDM01474,1,1,1,0,0,0,1
SIDM01007,1,0,0,1,1,1,0
SIDM00233,1,0,0,1,1,1,0
SIDM01394,1,1,1,0,0,0,1
SIDM00569,1,0,0,1,1,1,0
SIDM01241,1,1,1,0,0,0,1
SIDM00145,1,0,0,1,1,1,0
SIDM01660,1,1,1,0,0,0,1
SIDM00365,1,0,0,1,1,1,0
SIDM00690,1,0,1,1,1,0,0
SIDM01159,1,0,0,1,1,1,0
SIDM00256,1,0,0,1,1,1,0
SIDM01114,1,0,0,1,1,1,0
SIDM01322,1,1,1,0,0,0,1
SIDM01235,1,1,1,0,0,0,1
SIDM00593,1,1,1,0,0,0,1
SIDM00173,1,1,1,0,0,0,1
SIDM01398,1,1,1,0,0,0,1
SIDM00452,1,1,1,0,0,0,1
SIDM00397,1,1,1,0,0,0,1
SIDM01473,1,1,1,0,0,0,1
SIDM01065,1,1,1,0,0,0,1
SIDM01476,1,1,1,0,0,0,1
SIDM00243,1,0,0,1,1,1,0
SIDM01316,1,1,1,0,0,0,1
SIDM01236,1,1,1,0,0,0,1
SIDM00605,1,1,1,0,0,0,1
SIDM01318,1,1,1,0,0,0,1
SIDM00422,1,0,0,1,1,1,0
SIDM01581,1,1,1,0,0,0,1
SIDM00202,1,0,0,1,1,1,0
SIDM00093,1,1,1,0,0,0,1
SIDM00240,1,0,0,1,1,1,0
SIDM01444,1,1,1,0,0,0,1
SIDM01858,1,1,1,0,0,0,1
SIDM00621,1,0,0,1,1,1,0
SIDM01612,1,1,1,0,0,0,1
SIDM01017,1,0,0,1,1,1,0
SIDM01526,1,1,1,0,0,0,1
SIDM01433,1,1,1,0,0,0,1
SIDM00362,1,0,0,1,1,1,0
SIDM00793,1,0,0,1,1,1,0
SIDM01409,1,1,1,0,0,0,1
SIDM01126,1,0,0,1,1,1,0
SIDM01511,1,1,1,0,0,0,1
SIDM00188,1,0,0,1,1,1,0
SIDM00064,1,0,0,1,1,1,0
SIDM01261,1,0,0,1,1,1,0
SIDM01177,1,0,0,1,1,1,0
SIDM01450,1,1,1,0,0,0,1
SIDM00404,1,0,0,1,1,1,0
SIDM01206,1,0,0,1,1,1,0
SIDM01432,1,1,1,0,0,0,1
SIDM00300,1,0,1,1,1,0,0
SIDM00737,1,0,0,1,1,1,0
SIDM01149,1,0,0,1,1,1,0
SIDM00164,1,1,1,0,0,0,1
SIDM01222,1,1,1,0,0,0,1
SIDM01321,1,1,1,0,0,0,1
SIDM00553,1,0,0,1,1,1,0
SIDM01470,1,1,1,0,0,0,1
SIDM01434,1,1,1,0,0,0,1
SIDM00792,1,0,0,1,1,1,0
SIDM01574,1,1,1,0,0,0,1
SIDM00935,1,0,0,1,1,1,0
SIDM00945,1,1,0,1,0,0,1
SIDM00846,1,1,0,1,1,0,0
SIDM00168,1,1,1,0,0,0,1
SIDM00721,1,0,0,1,1,1,0
SIDM00576,1,0,0,1,1,1,0
SIDM01175,1,0,0,1,1,1,0
SIDM00158,1,1,1,0,0,0,1
SIDM00011,1,1,1,0,0,0,1
SIDM01439,1,1,1,0,0,0,1
SIDM00199,1,0,0,1,1,1,0
SIDM01479,1,1,1,0,0,0,1
SIDM00543,1,0,0,1,1,1,0
SIDM00597,1,1,1,0,0,1,0
SIDM00662,1,1,0,1,1,0,0
SIDM01768,1,1,1,0,0,0,1
SIDM00323,1,0,0,1,1,1,0
SIDM00975,1,0,0,1,1,1,0
SIDM00904,1,1,1,0,0,0,1
SIDM00424,1,0,0,1,1,1,0
SIDM01525,1,1,1,0,0,0,1
SIDM00896,1,0,0,1,1,1,0
SIDM00438,1,0,0,1,1,1,0
SIDM01332,1,1,1,0,0,0,1
SIDM00258,1,0,0,1,1,1,0
SIDM00694,1,1,0,1,1,0,0
SIDM01588,1,1,1,0,0,0,1
SIDM00823,1,1,1,0,0,0,1
SIDM00147,1,1,1,0,0,0,1
SIDM00170,1,1,1,0,0,0,1
SIDM00497,1,1,1,0,0,0,1
SIDM00732,1,0,0,1,1,1,0
SIDM00634,1,1,1,0,0,0,1
SIDM00086,1,0,0,1,1,1,0
SIDM01412,1,1,1,0,0,0,1
SIDM00817,1,0,0,1,1,1,0
SIDM01259,1,0,0,1,1,1,0
SIDM00302,1,0,0,1,1,1,0
SIDM00820,1,0,0,1,1,1,0
SIDM00948,1,0,0,1,1,1,0
SIDM01551,1,1,1,0,0,0,1
SIDM00298,1,1,0,0,0,1,1
SIDM01520,1,1,1,0,0,0,1
SIDM00077,1,0,1,1,0,1,0
SIDM00517,1,0,1,1,1,0,0
SIDM01554,1,1,1,0,0,0,1
SIDM00542,1,0,0,1,1,1,0
SIDM01750,1,1,1,0,0,0,1
SIDM00160,1,1,1,0,0,0,1
SIDM01811,1,1,1,0,0,0,0
SIDM01764,1,1,0,0,0,0,1
SIDM01325,1,1,0,0,0,0,1
SIDM01489,1,1,1,0,0,0,0
SIDM01610,1,1,1,0,0,0,0
SIDM01401,1,1,1,0,0,0,0
SIDM00682,1,1,1,0,0,0,0
SIDM01377,1,1,0,0,0,0,1
SIDM01337,1,1,1,0,0,0,0
SIDM01458,1,1,1,0,0,0,0
SIDM01379,1,1,1,0,0,0,0
SIDM01422,1,1,1,0,0,0,0
SIDM01202,1,1,1,0,0,0,0
SIDM01452,1,1,1,0,0,0,0
SIDM01782,1,1,0,0,0,0,1
SIDM01567,1,1,0,0,0,0,1
SIDM00914,1,1,0,0,0,0,1
SIDM01691,1,1,0,0,0,0,1
SIDM01779,1,1,0,0,0,0,1
SIDM01344,1,1,1,0,0,0,0
SIDM01774,1,1,0,0,0,0,1
SIDM01712,1,1,1,0,0,0,0
SIDM01671,1,1,1,0,0,0,0
SIDM00915,1,0,0,1,0,1,0
SIDM01404,1,1,1,0,0,0,0
SIDM01374,1,1,1,0,0,0,0
SIDM01373,1,1,1,0,0,0,0
SIDM01414,1,1,1,0,0,0,0
SIDM01446,1,1,0,0,0,0,1
SIDM00536,1,1,0,0,0,0,1
SIDM01242,1,0,0,1,1,0,0
SIDM00016,1,1,0,0,0,0,1
SIDM00911,1,1,1,0,0,0,0
SIDM01406,1,1,1,0,0,0,0
SIDM01595,1,1,1,0,0,0,0
SIDM01815,1,1,1,0,0,0,0
SIDM00104,1,0,0,1,1,0,0
SIDM00667,1,0,0,1,1,0,0
SIDM01689,1,1,0,0,0,0,1
SIDM01800,1,1,1,0,0,0,0
SIDM00445,1,0,0,1,1,0,0
SIDM00862,1,1,0,0,0,0,1
SIDM00767,1,0,0,1,0,1,0
SIDM01842,1,1,1,0,0,0,0
SIDM01690,1,1,0,0,0,0,1
SIDM01896,1,1,1,0,0,0,0
SIDM01609,1,1,0,0,0,0,1
SIDM01618,1,1,0,0,0,0,1
SIDM01897,1,1,1,0,0,0,0
SIDM01971,1,1,1,0,0,0,0
SIDM01979,1,1,1,0,0,0,0
SIDM01833,1,1,1,0,0,0,0
SIDM01521,1,1,1,0,0,0,0
SIDM01762,1,1,0,0,0,0,1
SIDM01769,1,1,1,0,0,0,0
SIDM01475,1,1,1,0,0,0,0
SIDM01466,1,1,1,0,0,0,0
SIDM01806,1,1,1,0,0,0,0
SIDM01426,1,1,1,0,0,0,0
SIDM01758,1,1,0,0,0,0,1
SIDM01642,1,1,1,0,0,0,0
SIDM01664,1,1,0,0,0,0,1
SIDM01864,1,1,1,0,0,0,0
SIDM01847,1,1,1,0,0,0,0
SIDM01497,1,1,1,0,0,0,0
SIDM01515,1,1,1,0,0,0,0
SIDM00436,1,1,1,0,0,0,0
SIDM01626,1,1,1,0,0,0,0
SIDM01514,1,1,1,0,0,0,0
SIDM01493,1,1,1,0,0,0,0
SIDM01095,0,0,0,1,1,1,0
SIDM01968,1,1,1,0,0,0,0
SIDM01604,1,1,0,0,0,0,1
SIDM01980,1,1,1,0,0,0,0
SIDM01824,1,1,1,0,0,0,0
SIDM01728,1,1,0,0,0,0,1
SIDM01530,1,1,0,0,0,0,1
SIDM01760,1,1,0,0,0,0,1
SIDM01549,1,1,1,0,0,0,0
SIDM01831,1,1,1,0,0,0,0
SIDM01424,1,1,1,0,0,0,0
SIDM01381,1,1,1,0,0,0,0
SIDM00101,1,0,0,1,1,0,0
SIDM01817,1,1,1,0,0,0,0
SIDM01504,1,1,0,0,0,0,1
SIDM01360,1,1,1,0,0,0,0
SIDM01832,1,1,1,0,0,0,0
SIDM01491,1,1,0,0,0,0,1
SIDM00562,1,0,0,1,1,0,0
SIDM01333,1,1,1,0,0,0,0
SIDM01978,1,1,1,0,0,0,0
SIDM00757,1,1,0,0,0,0,1
SIDM01488,1,1,1,0,0,0,0
SIDM01540,1,1,1,0,0,0,0
SIDM01738,1,1,1,0,0,0,0
SIDM01857,1,1,1,0,0,0,0
SIDM01795,1,1,1,0,0,0,0
SIDM01371,1,1,1,0,0,0,0
SIDM01909,1,1,1,0,0,0,0
SIDM01894,1,1,1,0,0,0,0
SIDM01421,1,1,1,0,0,0,0
SIDM01601,1,1,1,0,0,0,0
SIDM00840,1,1,0,0,0,0,1
SIDM01447,1,1,0,0,0,0,1
SIDM00058,1,1,1,0,0,0,0
SIDM01382,1,1,1,0,0,0,0
SIDM01478,1,1,1,0,0,0,0
SIDM00050,1,0,0,1,1,0,0
SIDM01408,1,1,1,0,0,0,0
SIDM01247,1,0,0,1,1,0,0
SIDM01410,1,1,1,0,0,0,0
SIDM01788,1,1,1,0,0,0,0
SIDM01568,1,1,1,0,0,0,0
SIDM01985,1,1,1,0,0,0,0
SIDM01510,1,1,0,0,0,0,1
SIDM01361,1,1,1,0,0,0,0
SIDM01348,1,1,1,0,0,0,0
SIDM01455,1,1,1,0,0,0,0
SIDM00103,1,0,0,1,1,0,0
SIDM01813,1,1,1,0,0,0,0
SIDM01932,1,1,1,0,0,0,0
SIDM01501,1,1,1,0,0,0,0
SIDM01339,1,1,1,0,0,0,0
SIDM01854,1,1,1,0,0,0,0
SIDM01694,1,1,0,0,0,0,1
SIDM01643,1,1,1,0,0,0,0
SIDM01624,1,1,0,0,0,0,1
SIDM01981,1,1,1,0,0,0,0
SIDM00804,1,1,1,0,0,0,0
SIDM01843,1,1,1,0,0,0,0
SIDM01345,1,1,1,0,0,0,0
SIDM01383,1,1,1,0,0,0,0
SIDM00228,1,1,0,0,0,0,1
SIDM01435,1,1,0,0,0,0,1
SIDM01483,1,1,0,0,0,0,1
SIDM01675,1,1,0,0,0,0,1
SIDM01537,1,1,1,0,0,0,0
SIDM01773,1,1,0,0,0,0,1
SIDM01503,1,1,0,0,0,0,1
SIDM01780,1,1,0,0,0,0,1
SIDM01792,1,1,1,0,0,0,0
SIDM00102,1,0,0,1,1,0,0
SIDM00784,1,1,0,0,0,0,1
SIDM01786,1,1,1,0,0,0,0
SIDM00584,1,0,0,1,1,0,0
SIDM01819,1,1,1,0,0,0,0
SIDM01859,1,1,0,0,0,0,1
SIDM01557,1,1,1,0,0,0,0
SIDM00626,1,1,1,0,0,0,0
SIDM01898,1,1,1,0,0,0,0
SIDM01810,1,1,1,0,0,0,0
SIDM01365,1,1,1,0,0,0,0
SIDM01428,1,1,1,0,0,0,0
SIDM00991,1,1,0,0,0,0,1
SIDM01667,1,1,0,0,0,0,1
SIDM01973,1,1,1,0,0,0,0
SIDM00309,1,0,0,1,1,0,0
SIDM00028,1,1,1,0,0,0,0
SIDM01328,1,1,1,0,0,0,0
SIDM01620,1,1,1,0,0,0,0
SIDM01335,1,1,0,0,0,0,1
SIDM00265,1,0,0,1,0,1,0
SIDM01804,1,1,1,0,0,0,0
SIDM00041,1,0,0,1,1,0,0
SIDM01357,1,1,1,0,0,0,0
SIDM01662,1,1,0,0,0,0,1
SIDM00051,1,0,0,1,1,0,0
SIDM01837,1,1,1,0,0,0,0
SIDM00099,1,0,0,1,1,0,0
SIDM00245,1,0,0,1,1,0,0
SIDM01575,1,0,1,0,0,0,1
SIDM01430,1,1,1,0,0,0,0
SIDM00906,1,1,1,0,0,0,0
SIDM00037,1,1,1,0,0,0,0
SIDM01808,1,1,1,0,0,0,0
SIDM01739,1,1,0,0,0,0,1
SIDM01771,1,1,0,0,0,0,1
SIDM00519,1,0,0,1,1,0,0
SIDM01867,1,1,1,0,0,0,0
SIDM01623,1,1,1,0,0,0,0
SIDM01600,1,1,1,0,0,0,0
SIDM01362,1,1,1,0,0,0,0
SIDM00787,1,1,1,0,0,0,0
SIDM00400,1,0,0,1,1,0,0
SIDM01767,1,1,0,0,0,0,1
SIDM01338,1,1,1,0,0,0,0
SIDM01441,1,1,1,0,0,0,0
SIDM00297,1,0,0,1,1,0,0
SIDM01658,1,1,0,0,0,0,1
SIDM01826,1,1,1,0,0,0,0
SIDM01602,1,1,0,0,0,0,1
SIDM01976,1,1,1,0,0,0,0
SIDM00917,1,0,0,1,0,1,0
SIDM01855,1,1,1,0,0,0,0
SIDM01462,1,1,1,0,0,0,0
SIDM00098,1,0,0,1,1,0,0
SIDM01522,1,1,0,0,0,0,1
SIDM01668,1,1,0,0,0,0,1
SIDM01936,1,1,1,0,0,0,0
SIDM01775,1,1,0,0,0,0,1
SIDM01589,1,1,0,0,0,0,1
SIDM01983,1,1,1,0,0,0,0
SIDM00310,1,0,0,1,1,0,0
SIDM01543,1,1,1,0,0,0,0
SIDM01524,1,1,1,0,0,0,0
SIDM00842,0,0,0,1,1,1,0
SIDM01727,1,1,0,0,0,0,1
SIDM01784,1,1,1,0,0,0,0
SIDM01481,1,1,1,0,0,0,0
SIDM01407,1,1,1,0,0,0,0
SIDM01975,1,1,1,0,0,0,0
SIDM01828,1,1,1,0,0,0,0
SIDM01329,1,1,1,0,0,0,0
SIDM01846,1,1,1,0,0,0,0
SIDM01889,1,1,1,0,0,0,0
SIDM01532,1,1,1,0,0,0,0
SIDM01863,1,1,1,0,0,0,0
SIDM01355,1,1,1,0,0,0,0
SIDM01735,1,1,0,0,0,0,1
SIDM01341,1,1,1,0,0,0,0
SIDM01906,1,1,1,0,0,0,0
SIDM01635,1,1,0,0,0,0,1
SIDM00162,1,1,0,0,0,0,1
SIDM00167,1,1,0,0,0,0,1
SIDM01888,1,1,1,0,0,0,0
SIDM01500,1,1,1,0,0,0,0
SIDM00780,1,1,0,0,0,0,1
SIDM00288,1,1,1,0,0,0,0
SIDM01695,1,1,0,0,0,0,1
SIDM01766,1,1,0,0,0,0,1
SIDM01903,1,1,1,0,0,0,0
SIDM01453,1,1,1,0,0,0,0
SIDM01974,1,1,1,0,0,0,0
SIDM00054,1,0,0,1,0,1,0
SIDM00169,1,1,0,0,0,0,1
SIDM01838,1,1,1,0,0,0,0
SIDM01391,1,1,0,0,0,0,1
SIDM01547,1,1,1,0,0,0,0
SIDM00003,1,0,0,1,0,1,0
SIDM00851,1,1,0,0,0,0,1
SIDM01457,1,1,1,0,0,0,0
SIDM00029,1,1,0,0,0,0,1
SIDM01693,1,1,0,0,0,0,1
SIDM00311,1,0,0,1,1,0,0
SIDM00154,1,0,0,1,1,0,0
SIDM01579,1,1,1,0,0,0,0
SIDM01346,1,1,1,0,0,0,0
SIDM01423,1,1,1,0,0,0,0
SIDM01555,1,1,1,0,0,0,0
SIDM01499,1,1,1,0,0,0,0
SIDM00007,1,1,1,0,0,0,0
SIDM01853,1,1,1,0,0,0,0
SIDM01807,1,1,1,0,0,0,0
SIDM01787,1,1,1,0,0,0,0
SIDM01548,1,1,1,0,0,0,0
SIDM01400,1,1,1,0,0,0,0
SIDM01399,1,1,1,0,0,0,0
SIDM01639,1,1,1,0,0,0,0
SIDM01657,1,1,0,0,0,0,1
SIDM01533,1,1,1,0,0,0,0
SIDM01731,1,1,1,0,0,0,0
SIDM01783,1,1,1,0,0,0,0
SIDM01351,1,1,1,0,0,0,0
SIDM01977,1,1,1,0,0,0,0
SIDM01812,1,1,1,0,0,0,0
SIDM00126,1,0,0,1,1,0,0
SIDM01367,1,1,1,0,0,0,0
SIDM01801,1,1,1,0,0,0,0
SIDM01486,1,1,1,0,0,0,0
SIDM00595,1,1,0,0,0,0,1
SIDM00623,1,0,0,1,1,0,0
SIDM01672,1,1,0,0,0,0,1
SIDM01676,1,1,0,0,0,0,1
SIDM01402,1,1,1,0,0,0,0
SIDM01839,1,1,1,0,0,0,0
SIDM01627,1,1,1,0,0,0,0
SIDM01356,1,1,1,0,0,0,0
SIDM01451,1,1,0,0,0,0,1
SIDM00642,1,0,0,1,0,1,0
SIDM01852,1,1,1,0,0,0,0
SIDM01753,1,1,0,0,0,0,1
SIDM01605,1,1,0,0,0,0,1
SIDM01468,1,1,1,0,0,0,0
SIDM01770,1,1,0,0,0,0,1
SIDM01785,1,1,1,0,0,0,0
SIDM01586,1,1,1,0,0,0,0
SIDM01326,1,1,1,0,0,0,0
SIDM00246,1,1,1,0,0,0,0
SIDM01405,1,1,1,0,0,0,0
SIDM01682,1,1,0,0,0,0,1
SIDM01395,1,1,1,0,0,0,0
SIDM01370,1,1,1,0,0,0,0
SIDM00100,1,0,0,1,1,0,0
SIDM01254,1,1,0,0,0,0,1
SIDM00808,1,0,0,1,1,0,0
SIDM00471,1,1,1,0,0,0,0
SIDM01219,0,0,0,1,1,1,0
SIDM00006,1,1,1,0,0,0,0
SIDM01876,1,1,1,0,0,0,0
SIDM01388,1,1,1,0,0,0,0
SIDM01794,1,1,1,0,0,0,0
SIDM01461,1,1,1,0,0,0,0
SIDM01467,1,1,1,0,0,0,0
SIDM01550,1,1,1,0,0,0,0
SIDM01352,1,1,1,0,0,0,0
SIDM01315,1,1,1,0,0,0,0
SIDM01558,1,1,1,0,0,0,0
SIDM01679,1,1,0,0,0,0,1
SIDM01836,1,1,1,0,0,0,0
SIDM01778,1,1,0,0,0,0,1
SIDM01403,1,1,1,0,0,0,0
SIDM01793,1,1,1,0,0,0,0
SIDM01796,1,1,1,0,0,0,0
SIDM00636,1,0,0,1,0,1,0
SIDM01484,1,1,1,0,0,0,0
SIDM01935,1,1,1,0,0,0,0
SIDM01607,1,1,0,0,0,0,1
SIDM01866,1,1,1,0,0,0,0
SIDM01895,1,1,1,0,0,0,0
SIDM00520,1,0,0,1,1,0,0
SIDM01417,1,1,1,0,0,0,0
SIDM01822,1,1,1,0,0,0,0
SIDM00398,1,1,1,0,0,0,0
SIDM01729,1,1,0,0,0,0,1
SIDM01133,1,0,0,1,0,1,0
SIDM01596,1,1,0,0,0,0,1
SIDM01349,1,1,1,0,0,0,0
SIDM00153,1,1,0,0,0,0,1
SIDM00275,1,1,1,0,0,0,0
SIDM01542,1,1,1,0,0,0,0
SIDM01490,1,1,0,0,0,0,1
SIDM00516,1,0,0,1,1,0,0
SIDM01420,1,1,1,0,0,0,0
SIDM00299,1,0,0,1,1,0,0
SIDM01850,1,1,1,0,0,0,0
SIDM01799,1,1,1,0,0,0,0
SIDM01354,1,1,1,0,0,0,0
SIDM00234,1,0,0,1,0,1,0
SIDM01686,1,1,0,0,0,0,1
SIDM01972,1,1,1,0,0,0,0
SIDM00518,1,0,0,1,1,0,0
SIDM01885,1,1,1,0,0,0,0
SIDM01485,1,1,1,0,0,0,0
SIDM01608,1,1,0,0,0,0,1
SIDM01730,1,1,0,0,0,0,1
SIDM01933,1,1,1,0,0,0,0
SIDM01970,1,1,1,0,0,0,0
SIDM01553,1,1,0,0,0,0,1
SIDM01875,1,1,1,0,0,0,0
SIDM01516,1,1,1,0,0,0,0
SIDM01531,1,1,0,0,0,0,1
SIDM01385,1,1,1,0,0,0,0
SIDM00818,1,0,0,1,1,0,0
SIDM01636,1,1,1,0,0,0,0
SIDM01663,1,1,1,0,0,0,0
SIDM01535,1,1,1,0,0,0,0
SIDM00319,1,0,0,1,1,0,0
SIDM01584,1,1,1,0,0,0,0
SIDM01061,1,0,0,1,0,1,0
SIDM00174,1,0,0,1,0,1,0
SIDM00668,1,0,0,1,1,0,0
SIDM01585,1,1,1,0,0,0,0
SIDM01240,1,0,0,1,1,0,0
SIDM01384,1,1,1,0,0,0,0
SIDM01969,1,1,1,0,0,0,0
SIDM01841,1,1,1,0,0,0,0
SIDM01937,1,1,1,0,0,0,0
SIDM01465,1,0,1,0,0,0,0
SIDM01534,1,1,0,0,0,0,0
SIDM01835,1,1,0,0,0,0,0
SIDM01594,1,1,0,0,0,0,0
SIDM01431,1,1,0,0,0,0,0
SIDM01665,1,1,0,0,0,0,0
SIDM01509,1,1,0,0,0,0,0
SIDM00399,0,0,0,1,1,0,0
SIDM01340,1,0,1,0,0,0,0
SIDM00075,1,0,0,0,0,1,0
SIDM01536,1,1,0,0,0,0,0
SIDM01566,1,1,0,0,0,0,0
SIDM01519,1,0,0,0,0,0,1
SIDM01709,1,1,0,0,0,0,0
SIDM01416,1,1,0,0,0,0,0
SIDM01772,1,1,0,0,0,0,0
SIDM01816,1,1,0,0,0,0,0
SIDM01759,1,1,0,0,0,0,0
SIDM01704,1,1,0,0,0,0,0
SIDM01644,1,1,0,0,0,0,0
SIDM01877,1,1,0,0,0,0,0
SIDM01746,1,1,0,0,0,0,0
SIDM01798,1,1,0,0,0,0,0
SIDM01763,1,1,0,0,0,0,0
SIDM01743,1,1,0,0,0,0,0
SIDM01616,1,1,0,0,0,0,0
SIDM01873,0,1,0,0,0,0,1
SIDM01599,1,1,0,0,0,0,0
SIDM01701,1,1,0,0,0,0,0
SIDM01700,1,1,0,0,0,0,0
SIDM01513,1,1,0,0,0,0,0
SIDM01860,1,1,0,0,0,0,0
SIDM01330,1,1,0,0,0,0,0
SIDM00361,0,0,0,1,1,0,0
SIDM01924,1,1,0,0,0,0,0
SIDM01907,1,1,0,0,0,0,0
SIDM01765,1,1,0,0,0,0,0
SIDM01887,1,1,0,0,0,0,0
SIDM01702,1,1,0,0,0,0,0
SIDM01912,1,0,1,0,0,0,0
SIDM01862,1,1,0,0,0,0,0
SIDM01563,1,1,0,0,0,0,0
SIDM01592,1,1,0,0,0,0,0
SIDM01703,1,1,0,0,0,0,0
SIDM01380,1,1,0,0,0,0,0
SIDM01544,1,1,0,0,0,0,0
SIDM01621,1,1,0,0,0,0,0
SIDM01725,1,1,0,0,0,0,0
SIDM01541,1,1,0,0,0,0,0
SIDM01506,1,1,0,0,0,0,0
SIDM01590,1,1,0,0,0,0,0
SIDM01685,1,1,0,0,0,0,0
SIDM01456,1,0,1,0,0,0,0
SIDM01231,1,0,0,0,0,1,0
SIDM01661,1,1,0,0,0,0,0
SIDM00827,1,0,0,0,0,1,0
SIDM01631,1,1,0,0,0,0,0
SIDM01527,1,1,0,0,0,0,0
SIDM00811,1,1,0,0,0,0,0
SIDM01591,1,1,0,0,0,0,0
SIDM01882,1,1,0,0,0,0,0
SIDM01905,1,1,0,0,0,0,0
SIDM01615,1,1,0,0,0,0,0
SIDM01803,1,1,0,0,0,0,0
SIDM01459,1,1,0,0,0,0,0
SIDM01723,1,1,0,0,0,0,0
SIDM01861,1,1,0,0,0,0,0
SIDM01580,1,1,0,0,0,0,0
SIDM01392,1,1,0,0,0,0,0
SIDM00171,1,1,0,0,0,0,0
SIDM01749,1,1,0,0,0,0,0
SIDM01226,1,1,0,0,0,0,0
SIDM01603,0,1,0,0,0,0,1
SIDM01353,1,1,0,0,0,0,0
SIDM01710,1,1,0,0,0,0,0
SIDM01872,1,0,0,0,0,0,1
SIDM01708,1,1,0,0,0,0,0
SIDM01697,1,1,0,0,0,0,0
SIDM01538,1,1,0,0,0,0,0
SIDM01429,1,1,0,0,0,0,0
SIDM01761,1,1,0,0,0,0,0
SIDM01871,1,1,0,0,0,0,0
SIDM01505,1,1,0,0,0,0,0
SIDM01737,1,1,0,0,0,0,0
SIDM01834,1,1,0,0,0,0,0
SIDM00891,1,1,0,0,0,0,0
SIDM01868,1,1,0,0,0,0,0
SIDM01741,1,1,0,0,0,0,0
SIDM01565,1,1,0,0,0,0,0
SIDM01699,1,1,0,0,0,0,0
SIDM01982,1,0,1,0,0,0,0
SIDM01350,1,1,0,0,0,0,0
SIDM01597,1,1,0,0,0,0,0
SIDM01719,1,0,0,0,0,0,1
SIDM01698,1,1,0,0,0,0,0
SIDM01507,1,1,0,0,0,0,0
SIDM00456,1,1,0,0,0,0,0
SIDM01496,1,1,0,0,0,0,0
SIDM01884,1,0,0,0,0,0,1
SIDM01613,1,1,0,0,0,0,0
SIDM01910,1,1,0,0,0,0,0
SIDM01564,1,1,0,0,0,0,0
SIDM00114,0,0,0,1,1,0,0
SIDM01726,1,1,0,0,0,0,0
SIDM01094,1,1,0,0,0,0,0
SIDM01705,1,1,0,0,0,0,0
SIDM00514,1,1,0,0,0,0,0
SIDM00236,1,1,0,0,0,0,0
SIDM00057,1,0,0,0,0,1,0
SIDM01576,1,0,1,0,0,0,0
SIDM01797,1,1,0,0,0,0,0
SIDM01734,1,1,0,0,0,0,0
SIDM00357,1,0,0,0,0,1,0
SIDM01789,1,1,0,0,0,0,0
SIDM01724,1,1,0,0,0,0,0
