,corr,pval,len,sample,impute
353,0.5351115494928362,0.0,4576,SIDM00277,vae_imputed
506,0.5660324129830063,0.0,4504,SIDM00568,mofa_imputed
839,0.5403002476006699,0.0,4568,SIDM00447,mean
524,0.6503257452346061,0.0,2950,SIDM01084,original
525,0.5616603035832722,0.0,4576,SIDM01084,vae_imputed
838,0.6306360254615447,0.0,4568,SIDM00447,mofa_imputed
837,0.6223487192060121,0.0,4568,SIDM00447,vae_imputed
526,0.6002239164477492,0.0,4576,SIDM01084,mofa_imputed
278,0.5835885200778715,0.0,4584,SIDM01090,mofa_imputed
836,0.6698752295043181,0.0,3057,SIDM00447,original
277,0.5794755419493235,0.0,4584,SIDM01090,vae_imputed
276,0.6053836939491636,0.0,3319,SIDM01090,original
150,0.5433550305649346,0.0,4594,SIDM00572,mofa_imputed
822,0.5436818993078094,0.0,4514,SIDM01148,mofa_imputed
274,0.6738227138691031,0.0,4568,SIDM01076,mofa_imputed
814,0.5697155867749734,0.0,4576,SIDM00124,mofa_imputed
813,0.5603503700387067,0.0,4576,SIDM00124,vae_imputed
273,0.6495824992745775,0.0,4568,SIDM01076,vae_imputed
272,0.6989363111740632,0.0,3248,SIDM01076,original
169,0.5350028189572918,0.0,4546,SIDM01056,vae_imputed
170,0.5501271359671821,0.0,4546,SIDM01056,mofa_imputed
529,0.5572232943967987,0.0,4515,SIDM01137,vae_imputed
172,0.6597980002969028,0.0,3664,SIDM00453,original
173,0.6273720883948212,0.0,4557,SIDM00453,vae_imputed
174,0.6293135448123781,0.0,4557,SIDM00453,mofa_imputed
821,0.5441586667732135,0.0,4514,SIDM01148,vae_imputed
175,0.5444227074172502,0.0,4557,SIDM00453,mean
149,0.5451922219044067,0.0,4594,SIDM00572,vae_imputed
285,0.6341678833148809,0.0,4591,SIDM00651,vae_imputed
117,0.5712690339637311,0.0,4568,SIDM00548,vae_imputed
118,0.5788212423532503,0.0,4568,SIDM00548,mofa_imputed
494,0.5541345729330259,0.0,4589,SIDM00541,mofa_imputed
120,0.5965740100399334,0.0,3907,SIDM00940,original
121,0.598241967980035,0.0,4613,SIDM00940,vae_imputed
122,0.5795694741568719,0.0,4613,SIDM00940,mofa_imputed
934,0.5858373398621479,0.0,4507,SIDM00327,mofa_imputed
1162,0.5360041210012795,0.0,4584,SIDM00783,mofa_imputed
125,0.5461400071171727,0.0,4560,SIDM01184,vae_imputed
126,0.5425515093800974,0.0,4560,SIDM01184,mofa_imputed
933,0.536466235308687,0.0,4507,SIDM00327,vae_imputed
284,0.6712423027420451,0.0,3413,SIDM00651,original
932,0.6203851179671079,0.0,3057,SIDM00327,original
505,0.5524452292091935,0.0,4504,SIDM00568,vae_imputed
902,0.5305921716632512,0.0,4586,SIDM00461,mofa_imputed
901,0.534903663712709,0.0,4586,SIDM00461,vae_imputed
878,0.6087850928751835,0.0,4585,SIDM00513,mofa_imputed
136,0.596908084022606,0.0,3473,SIDM00672,original
290,0.5731718243124828,0.0,4564,SIDM00762,mofa_imputed
289,0.5486081822622214,0.0,4564,SIDM00762,vae_imputed
877,0.5907291150420337,0.0,4585,SIDM00513,vae_imputed
876,0.6792790233867297,0.0,3212,SIDM00513,original
287,0.5463690453716827,0.0,4591,SIDM00651,mean
286,0.6411876568912447,0.0,4591,SIDM00651,mofa_imputed
498,0.5278168958233994,0.0,4582,SIDM00660,mofa_imputed
530,0.5904702057000597,0.0,4515,SIDM01137,mofa_imputed
795,0.5915000133960349,0.0,4559,SIDM00698,mean
794,0.7051290923886845,0.0,4559,SIDM00698,mofa_imputed
216,0.6642379357081071,0.0,3052,SIDM00116,original
217,0.6047523494600713,0.0,4546,SIDM00116,vae_imputed
218,0.6110579855307771,0.0,4546,SIDM00116,mofa_imputed
564,0.5762639034646588,0.0,3810,SIDM00107,original
618,0.697373520096638,0.0,4515,SIDM00407,mofa_imputed
224,0.6709318732392506,0.0,2952,SIDM00611,original
225,0.6194430470731398,0.0,4560,SIDM00611,vae_imputed
226,0.6267871883594648,0.0,4560,SIDM00611,mofa_imputed
617,0.6878905446483026,0.0,4515,SIDM00407,vae_imputed
616,0.723887459624554,0.0,3290,SIDM00407,original
614,0.5485318526885918,0.0,4582,SIDM00677,mofa_imputed
641,0.5290905437714114,0.0,4559,SIDM00247,vae_imputed
613,0.5472203684874303,0.0,4582,SIDM00677,vae_imputed
566,0.5752658444634049,0.0,4554,SIDM00107,mofa_imputed
577,0.5330192732810086,0.0,4575,SIDM01111,vae_imputed
237,0.5483819948695453,0.0,4583,SIDM00865,vae_imputed
238,0.5549727554688239,0.0,4583,SIDM00865,mofa_imputed
578,0.5387091524543712,0.0,4575,SIDM01111,mofa_imputed
606,0.6665562594110388,0.0,4571,SIDM00875,mofa_imputed
605,0.6218808000329519,0.0,4571,SIDM00875,vae_imputed
244,0.6583311319116113,0.0,3314,SIDM00335,original
245,0.6253289245567115,0.0,4575,SIDM00335,vae_imputed
246,0.6507290224219766,0.0,4575,SIDM00335,mofa_imputed
604,0.7019721974954225,0.0,2899,SIDM00875,original
565,0.5697924674137652,0.0,4554,SIDM00107,vae_imputed
642,0.5426759278185096,0.0,4559,SIDM00247,mofa_imputed
696,0.628265559672803,0.0,3476,SIDM00401,original
697,0.6071814922860056,0.0,4576,SIDM00401,vae_imputed
793,0.674966017820385,0.0,4559,SIDM00698,vae_imputed
792,0.7415818893935291,0.0,3481,SIDM00698,original
782,0.526103577176475,0.0,4576,SIDM00139,mofa_imputed
762,0.6424394124171474,0.0,4504,SIDM00607,mofa_imputed
761,0.615113819474537,0.0,4504,SIDM00607,vae_imputed
760,0.7020830311664444,0.0,3090,SIDM00607,original
750,0.5898608950602233,0.0,4507,SIDM01062,mofa_imputed
749,0.5414352212308363,0.0,4507,SIDM01062,vae_imputed
533,0.581957386387321,0.0,4515,SIDM01089,vae_imputed
746,0.5402171645875522,0.0,4580,SIDM00799,mofa_imputed
534,0.6179369186043924,0.0,4515,SIDM01089,mofa_imputed
743,0.5618061992492462,0.0,4560,SIDM00898,mean
742,0.6303461078443648,0.0,4560,SIDM00898,mofa_imputed
741,0.623243264860496,0.0,4560,SIDM00898,vae_imputed
740,0.7103722390913588,0.0,3157,SIDM00898,original
718,0.5302687256652392,0.0,4571,SIDM00485,mofa_imputed
266,0.6325598878874976,0.0,4529,SIDM00505,mofa_imputed
265,0.6249358154813819,0.0,4529,SIDM00505,vae_imputed
264,0.6427293348697197,0.0,3187,SIDM00505,original
201,0.5657693094159518,0.0,4589,SIDM00522,vae_imputed
202,0.5591675092371987,0.0,4589,SIDM00522,mofa_imputed
710,0.6645966764094827,0.0,4589,SIDM00081,mofa_imputed
709,0.6589928025539017,0.0,4589,SIDM00081,vae_imputed
708,0.6862830274563593,0.0,3027,SIDM00081,original
698,0.6180390900508694,0.0,4576,SIDM00401,mofa_imputed
493,0.5373700709160972,0.0,4589,SIDM00541,vae_imputed
482,0.5436449018799683,0.0,4560,SIDM00318,mofa_imputed
497,0.5302765326502444,0.0,4582,SIDM00660,vae_imputed
349,0.5375165573355987,0.0,4585,SIDM00046,vae_imputed
1065,0.5893023623845014,0.0,4504,SIDM01038,vae_imputed
373,0.5334860483392735,0.0,4591,SIDM01147,vae_imputed
1050,0.5732589745157799,0.0,4584,SIDM00920,mofa_imputed
384,0.6003160440677401,0.0,3398,SIDM00272,original
1158,0.6235074245440534,0.0,4586,SIDM01033,mofa_imputed
385,0.5523590598175736,0.0,4572,SIDM00272,vae_imputed
1049,0.5614092505771504,0.0,4584,SIDM00920,vae_imputed
65,0.593874169846522,0.0,4504,SIDM01016,vae_imputed
66,0.6075994762964924,0.0,4504,SIDM01016,mofa_imputed
1048,0.6036004435022446,0.0,3482,SIDM00920,original
1150,0.5654462567440615,0.0,4582,SIDM01030,mofa_imputed
386,0.5857195955341599,0.0,4572,SIDM00272,mofa_imputed
1034,0.5388892368069651,0.0,4585,SIDM00130,mofa_imputed
1033,0.5346846823261768,0.0,4585,SIDM00130,vae_imputed
32,0.644939629257802,0.0,2821,SIDM00589,original
1026,0.536424449267146,0.0,4589,SIDM00649,mofa_imputed
1025,0.5276712430116912,0.0,4589,SIDM00649,vae_imputed
1066,0.6179513601027656,0.0,4504,SIDM01038,mofa_imputed
1161,0.5479260899501208,0.0,4584,SIDM00783,vae_imputed
362,0.58955886433301,0.0,4583,SIDM01059,mofa_imputed
361,0.5771156030709771,0.0,4583,SIDM01059,vae_imputed
33,0.6163311948948887,0.0,4559,SIDM00589,vae_imputed
34,0.6381299774129044,0.0,4559,SIDM00589,mofa_imputed
1098,0.6600447675836704,0.0,4589,SIDM00676,mofa_imputed
36,0.6617939171893193,0.0,3203,SIDM01060,original
37,0.6111971386438666,0.0,4568,SIDM01060,vae_imputed
38,0.6276935953792201,0.0,4568,SIDM01060,mofa_imputed
1097,0.5660892999250445,0.0,4589,SIDM00676,vae_imputed
1102,0.559191586888229,0.0,4559,SIDM00560,mofa_imputed
42,0.527737209813081,0.0,4557,SIDM00841,mofa_imputed
357,0.5858708116504845,0.0,4576,SIDM00828,vae_imputed
358,0.5956107781489046,0.0,4576,SIDM00828,mofa_imputed
1086,0.5775576376163181,0.0,4515,SIDM00996,mofa_imputed
1085,0.5626640017896628,0.0,4515,SIDM00996,vae_imputed
1104,0.6294729812962515,0.0,3179,SIDM01197,original
1105,0.5992568652635488,0.0,4572,SIDM01197,vae_imputed
360,0.6359510826662337,0.0,3337,SIDM01059,original
1106,0.6292193292390953,0.0,4572,SIDM01197,mofa_imputed
949,0.5559068129199566,0.0,4575,SIDM00713,vae_imputed
410,0.5439064219457139,0.0,4577,SIDM00856,mofa_imputed
1160,0.5782079691800307,0.0,3657,SIDM00783,original
1021,0.546637931232073,0.0,4559,SIDM00837,vae_imputed
1022,0.5470973063127229,0.0,4559,SIDM00837,mofa_imputed
94,0.5964596087468323,0.0,4572,SIDM00761,mofa_imputed
95,0.532291540927622,0.0,4572,SIDM00761,mean
306,0.5470029555946535,0.0,4591,SIDM01096,mofa_imputed
305,0.5502388336665335,0.0,4591,SIDM01096,vae_imputed
970,0.5446052678209772,0.0,4564,SIDM00554,mofa_imputed
14,0.5519623739990218,0.0,4591,SIDM00405,mofa_imputed
966,0.5344068017598982,0.0,4560,SIDM01082,mofa_imputed
438,0.6272630378769347,0.0,4554,SIDM00772,mofa_imputed
439,0.5632034442727182,0.0,4554,SIDM00772,mean
962,0.6078759262674549,0.0,4559,SIDM00239,mofa_imputed
961,0.5956969762976725,0.0,4559,SIDM00239,vae_imputed
960,0.6125307848965659,0.0,3543,SIDM00239,original
13,0.5384326817899209,0.0,4591,SIDM00405,vae_imputed
954,0.5885587654731489,0.0,4515,SIDM00693,mofa_imputed
953,0.5793468089024238,0.0,4515,SIDM00693,vae_imputed
952,0.6228726047705632,0.0,3220,SIDM00693,original
481,0.545072651361347,0.0,4560,SIDM00318,vae_imputed
950,0.5686190792188026,0.0,4575,SIDM00713,mofa_imputed
348,0.6349554513623169,0.0,3153,SIDM00046,original
93,0.5871918477463022,0.0,4572,SIDM00761,vae_imputed
1157,0.5552233485989163,0.0,4586,SIDM01033,vae_imputed
414,0.5735193188789891,0.0,4591,SIDM01188,mofa_imputed
354,0.5708873082509105,0.0,4576,SIDM00277,mofa_imputed
1146,0.5701633162079855,0.0,4591,SIDM00749,mofa_imputed
437,0.6280961502092779,0.0,4554,SIDM00772,vae_imputed
436,0.6666076561317998,0.0,3243,SIDM00772,original
85,0.5960445283762529,0.0,4514,SIDM01139,vae_imputed
1130,0.6056659874701324,0.0,4560,SIDM00435,mofa_imputed
86,0.6076449152678596,0.0,4514,SIDM01139,mofa_imputed
1129,0.58673781878835,0.0,4560,SIDM00435,vae_imputed
1128,0.6414547438962703,0.0,3121,SIDM00435,original
1020,0.6108548594597069,0.0,3219,SIDM00837,original
1149,0.5536705754097251,0.0,4582,SIDM01030,vae_imputed
92,0.6465311087384319,0.0,2993,SIDM00761,original
234,0.5248932140107283,7e-323,4582,SIDM00336,mofa_imputed
1096,0.7183371768126214,1.1e-322,2035,SIDM00676,original
350,0.523670248442704,2.35e-321,4585,SIDM00046,mofa_imputed
288,0.6361322201546078,1.2915e-320,2828,SIDM00762,original
946,0.5230000134829038,9.1037e-320,4576,SIDM00486,mofa_imputed
356,0.6173823980077321,2.52338e-318,3034,SIDM00828,original
610,0.5224269985649015,4.06886e-318,4564,SIDM00658,mofa_imputed
227,0.5225375520985986,5.359733e-318,4560,SIDM00611,mean
914,0.5207938236224762,2.611862e-317,4586,SIDM00779,mofa_imputed
39,0.5215287035877995,4.085014e-317,4568,SIDM01060,mean
699,0.5210724686875148,5.1108176e-317,4576,SIDM00401,mean
430,0.5203447185769561,2.93385953e-316,4580,SIDM01172,mofa_imputed
1054,0.5214209263507282,3.3324728e-316,4557,SIDM00586,mofa_imputed
330,0.5198613983351097,6.46617e-316,4585,SIDM00426,mofa_imputed
532,0.6287863789140213,1.765550206e-315,2868,SIDM01089,original
900,0.6071916029910552,9.1040441e-315,3130,SIDM00461,original
1138,0.5196794043232037,1.2441134547e-314,4570,SIDM00702,mofa_imputed
854,0.5192820792613514,6.2025913056e-314,4568,SIDM01124,mofa_imputed
1042,0.5174875453142456,5.7390427234e-313,4591,SIDM00629,mofa_imputed
374,0.5174857216972995,5.77310706707e-313,4591,SIDM01147,mofa_imputed
429,0.5179281798807659,7.6539601334e-313,4580,SIDM01172,vae_imputed
1110,0.5169883003054904,1.81612074004e-312,4594,SIDM00890,mofa_imputed
682,0.517659411917188,2.2217500121594e-311,4564,SIDM00812,mofa_imputed
363,0.5166368827420238,3.131828324312e-311,4583,SIDM01059,mean
413,0.5160785498792578,5.495095830668e-311,4591,SIDM01188,vae_imputed
1117,0.5165536210403638,6.530172408586e-311,4580,SIDM00893,vae_imputed
1,0.5170600210882232,7.28001978213954e-310,4554,SIDM01077,vae_imputed
1046,0.5156783993683784,8.04460948747357e-310,4582,SIDM00097,mofa_imputed
986,0.515141503224326,1.128149340582823e-309,4591,SIDM00457,mofa_imputed
480,0.5875842076470962,3.794630000228683e-309,3338,SIDM00318,original
869,0.5188088788008538,4.130475534913245e-309,4507,SIDM01164,vae_imputed
870,0.5181318864430857,3.5955484676036505e-308,4507,SIDM01164,mofa_imputed
1074,0.5149007088577207,8.483405640616929e-308,4568,SIDM00683,mofa_imputed
64,0.6094268069341477,4.152527003545405e-307,3025,SIDM01016,original
233,0.5136352835747644,5.653677584983116e-307,4582,SIDM00336,vae_imputed
745,0.5130710233741056,4.6548939212956213e-306,4580,SIDM00799,vae_imputed
1119,0.5127723819633361,1.2062678592117e-305,4580,SIDM00893,mean
640,0.5697109000754396,1.8989904434183378e-305,3559,SIDM00247,original
1084,0.5652369321067671,3.51870892612046e-305,3625,SIDM00996,original
781,0.5124431140014967,6.334175675968214e-305,4576,SIDM00139,vae_imputed
41,0.5130810707023847,1.5167545512697655e-304,4557,SIDM00841,vae_imputed
674,0.5119571171992156,7.391717666172666e-304,4570,SIDM01024,mofa_imputed
969,0.5121761953933481,9.195976160530043e-304,4564,SIDM00554,vae_imputed
681,0.5117689898030662,3.3397632107426556e-303,4564,SIDM00812,vae_imputed
629,0.5113847300633901,3.3462763697100793e-303,4572,SIDM00345,vae_imputed
948,0.5956610922636941,3.4516206162199875e-302,3153,SIDM00713,original
1107,0.5102639823429085,1.1560180427745451e-301,4572,SIDM01197,mean
1101,0.5107426644262635,1.8217493067879444e-301,4559,SIDM00560,vae_imputed
262,0.5092327307906401,2.6899470191555813e-301,4588,SIDM01112,mofa_imputed
322,0.5105247276477267,4.895955148969765e-301,4557,SIDM00527,mofa_imputed
409,0.5094747399205629,6.551767549639781e-301,4577,SIDM00856,vae_imputed
61,0.5104166702901546,6.878633855368328e-301,4557,SIDM01037,vae_imputed
2,0.5103596482926206,1.2945240305738619e-300,4554,SIDM01077,mofa_imputed
580,0.580879966378414,1.5841503621746088e-300,3338,SIDM00919,original
630,0.5093576714094195,2.0082569263419078e-300,4572,SIDM00345,mofa_imputed
582,0.5091936390936798,2.491031841817619e-300,4574,SIDM00919,mofa_imputed
1118,0.508276656926465,1.8080374290931927e-299,4580,SIDM00893,mofa_imputed
1109,0.5069349278101605,1.5093607327013322e-298,4594,SIDM00890,vae_imputed
985,0.5070698584027014,1.5445765825560163e-298,4591,SIDM00457,vae_imputed
581,0.5069537562504942,2.78117525268046e-297,4574,SIDM00919,vae_imputed
157,0.5063026266315527,3.577999550265007e-297,4586,SIDM00512,vae_imputed
853,0.5058186003165618,2.320033673729156e-295,4568,SIDM01124,vae_imputed
168,0.5941659661893712,2.7441949033922903e-295,3100,SIDM01056,original
609,0.5050735638165271,4.218036439006194e-294,4564,SIDM00658,vae_imputed
1064,0.6120627477015829,5.885286606582019e-294,2863,SIDM01038,original
137,0.5041254566474263,1.8212805570416346e-293,4574,SIDM00672,vae_imputed
846,0.503553447438195,7.956220906332145e-293,4576,SIDM00082,mofa_imputed
965,0.5034973880820844,9.827406474490509e-292,4560,SIDM01082,vae_imputed
351,0.5020282934168493,2.3589913857069017e-291,4585,SIDM00046,mean
619,0.5053552394244867,2.433849117679646e-291,4515,SIDM00407,mean
84,0.5904716264500856,4.977127137190517e-291,3103,SIDM01139,original
138,0.5020822952006115,9.882578355108992e-291,4574,SIDM00672,mofa_imputed
963,0.5022098657985851,5.916494931846272e-290,4559,SIDM00239,mean
820,0.596613956996249,1.2568675019502817e-289,3009,SIDM01148,original
372,0.5658126754337395,7.921084402473331e-289,3421,SIDM01147,original
913,0.49991979330665637,1.3151100155650036e-288,4586,SIDM00779,vae_imputed
1045,0.49944610688924973,9.926895698417311e-288,4582,SIDM00097,vae_imputed
116,0.5910447758741075,1.2744520099460571e-287,3059,SIDM00548,original
261,0.49900455942563693,1.6137101559762396e-287,4588,SIDM01112,vae_imputed
1041,0.49858065547962466,3.8235426157647883e-287,4591,SIDM00629,vae_imputed
1070,0.4992257678680658,8.155813851763072e-287,4572,SIDM00149,mofa_imputed
1156,0.6523861760612172,1.0613269100246082e-286,2364,SIDM01033,original
1116,0.588492206873673,2.6087592143585506e-286,3078,SIDM00893,original
982,0.4986465401779995,3.042986697127508e-285,4559,SIDM00866,mofa_imputed
158,0.4961825704049347,1.1225163215081053e-283,4586,SIDM00512,mofa_imputed
236,0.5505316671582593,1.3376632411268387e-283,3589,SIDM00865,original
673,0.4966966322252559,2.293905539110593e-283,4570,SIDM01024,vae_imputed
998,0.49553955142787764,7.806959614428472e-283,4586,SIDM00899,mofa_imputed
823,0.49851250643980133,2.8403034768602572e-282,4514,SIDM01148,mean
398,0.49828139338874283,5.673790528009656e-282,4514,SIDM01055,mofa_imputed
366,0.4950987764772156,3.704913576636988e-281,4568,SIDM00745,mofa_imputed
1073,0.49476110771555637,1.0185699129367057e-280,4568,SIDM00683,vae_imputed
82,0.4964451045720002,1.625276641764289e-280,4529,SIDM00125,mofa_imputed
326,0.49511146490403724,2.557682606563915e-280,4554,SIDM00506,mofa_imputed
955,0.49683284911795084,3.719675490433583e-280,4515,SIDM00693,mean
62,0.4945190301145681,9.839004628045891e-280,4557,SIDM01037,mofa_imputed
148,0.583921767699542,5.968215149114493e-279,3057,SIDM00572,original
329,0.4921093608912408,2.6038588841104966e-278,4585,SIDM00426,vae_imputed
1131,0.4928708384084452,8.738296574982345e-278,4560,SIDM00435,mean
852,0.5637427839016861,1.4990968365236443e-277,3316,SIDM01124,original
124,0.5536619075979392,2.7152494798922504e-277,3461,SIDM01184,original
812,0.6375930167465792,2.8120753248393488e-276,2420,SIDM00124,original
1137,0.4908629206557032,8.376220124146202e-276,4570,SIDM00702,vae_imputed
612,0.538602332511342,2.2043915458210958e-275,3672,SIDM00677,original
538,0.4913296203449162,6.097924750596078e-274,4529,SIDM00284,mofa_imputed
401,0.4879727327204855,1.0584106146361286e-272,4580,SIDM01023,vae_imputed
809,0.48752241463783036,1.3373292292541238e-272,4588,SIDM00909,vae_imputed
528,0.603679893159906,1.7532734520176923e-272,2747,SIDM01137,original
397,0.49056581468108573,4.515020768063299e-272,4514,SIDM01055,vae_imputed
504,0.5630385170270849,1.4134455443722295e-271,3254,SIDM00568,original
744,0.5775275216475706,2.459137157206011e-271,3055,SIDM00799,original
408,0.5895535154833091,2.9570349858413494e-271,2902,SIDM00856,original
1053,0.48668188035599974,1.0403866810287744e-269,4557,SIDM00586,vae_imputed
810,0.48502345653608164,1.9871722967724892e-269,4588,SIDM00909,mofa_imputed
304,0.5766182516232625,3.771285869937817e-269,3042,SIDM01096,original
321,0.48514247095505775,9.029831367198453e-268,4557,SIDM00527,vae_imputed
365,0.4843005127171725,2.3590864543915982e-267,4568,SIDM00745,vae_imputed
1069,0.48397571891358965,3.5343968462127324e-267,4572,SIDM00149,vae_imputed
325,0.4847726490441421,3.931439287157918e-267,4554,SIDM00506,vae_imputed
496,0.5244585836896082,7.5566839260259665e-267,3789,SIDM00660,original
402,0.48329010308072645,8.820230740135232e-267,4580,SIDM01023,mofa_imputed
1145,0.48259409240865525,1.5270753778028377e-266,4591,SIDM00749,vae_imputed
845,0.48267883140772894,8.753421481530568e-266,4576,SIDM00082,vae_imputed
945,0.4826422875972494,9.72500632480851e-266,4576,SIDM00486,vae_imputed
1024,0.5704571584708393,1.5734066821302445e-265,3081,SIDM00649,original
912,0.5541951019984213,1.7083745511747015e-265,3305,SIDM00779,original
114,0.4820267388300864,1.7371776196534358e-265,4585,SIDM00684,mofa_imputed
279,0.48179143538692276,3.9032408622701114e-265,4584,SIDM01090,mean
590,0.48497481873893994,1.7977219399281433e-264,4504,SIDM00487,mofa_imputed
200,0.525601963782555,1.026466922995062e-263,3725,SIDM00522,original
328,0.5521462923773035,3.145822182167055e-263,3306,SIDM00426,original
711,0.48000411132447274,3.415042713472847e-263,4589,SIDM00081,mean
984,0.5531734635756635,4.7177039795954426e-263,3289,SIDM00457,original
1093,0.48013977418046166,5.798870693817619e-263,4582,SIDM01027,vae_imputed
537,0.48141821364365905,1.617953743627408e-261,4529,SIDM00284,vae_imputed
556,0.5862211622641462,2.3709595615015646e-261,2835,SIDM00151,original
714,0.47830177579612787,3.397697655082794e-261,4591,SIDM00194,mofa_imputed
81,0.48095723090604514,5.982622578464034e-261,4529,SIDM00125,vae_imputed
1018,0.48155260031140806,2.0167677503003118e-260,4507,SIDM00333,mofa_imputed
997,0.47766011115315127,4.031256098576015e-260,4586,SIDM00899,vae_imputed
359,0.4779143650055123,7.167172720495338e-260,4576,SIDM00828,mean
829,0.4765228360934739,7.680886500351594e-260,4606,SIDM00789,vae_imputed
60,0.5606804535909264,1.1825434205679391e-259,3142,SIDM01037,original
1032,0.5861726702556913,1.4675440304478857e-259,2816,SIDM00130,original
583,0.47770870488000833,1.6637238876970774e-259,4574,SIDM00919,mean
232,0.558613100373056,1.8120648994511267e-259,3168,SIDM00336,original
1094,0.47729627601568886,1.8988762203617523e-259,4582,SIDM01027,mofa_imputed
428,0.5644198701858721,1.614714414516061e-258,3078,SIDM01172,original
154,0.4794625709205329,2.909827819751693e-258,4514,SIDM01199,mofa_imputed
418,0.4773176694537915,3.0788533077131045e-258,4560,SIDM00628,mofa_imputed
1072,0.592438312768845,9.679313068231162e-258,2723,SIDM00683,original
378,0.476054233140632,1.2099827550262459e-257,4577,SIDM01008,mofa_imputed
608,0.530675621317642,1.6534906816171098e-257,3555,SIDM00658,original
406,0.4755686859961196,1.934305926155732e-257,4584,SIDM00136,mofa_imputed
747,0.47469526063987666,3.7659695752154417e-256,4580,SIDM00799,mean
110,0.4744454431697507,1.4369994363399327e-255,4575,SIDM00429,mofa_imputed
786,0.4741961789440231,7.049585681516698e-255,4568,SIDM00371,mofa_imputed
842,0.4734316967997577,2.4490406489168102e-254,4575,SIDM00849,mofa_imputed
153,0.47534287494728134,2.8788493663581283e-253,4514,SIDM01199,vae_imputed
352,0.5465901432107627,4.2857128684909904e-253,3256,SIDM00277,original
558,0.4717448518138819,3.9190608834856536e-252,4572,SIDM00151,mofa_imputed
1023,0.47223614478113085,5.170026324050279e-252,4559,SIDM00837,mean
291,0.47138738807106095,2.888458825308988e-251,4564,SIDM00762,mean
0,0.507736104300871,4.774919079359306e-251,3844,SIDM01077,original
763,0.4738480792101918,6.420006885481456e-251,4504,SIDM00607,mean
431,0.4698062727293407,3.079300590901737e-250,4580,SIDM01172,mean
589,0.4728968571142284,8.770983680886384e-250,4504,SIDM00487,vae_imputed
139,0.46969807075609377,8.775112831573547e-250,4574,SIDM00672,mean
222,0.47148146420848197,1.819729180323604e-249,4529,SIDM01067,mofa_imputed
830,0.4679448507493614,2.0789761198253717e-249,4606,SIDM00789,mofa_imputed
560,0.5314133014054002,2.0839961860496232e-249,3431,SIDM00675,original
458,0.468633160974009,4.20190202106558e-249,4585,SIDM00673,mofa_imputed
1051,0.4677465685797738,5.445844650778428e-248,4584,SIDM00920,mean
377,0.46790056381751083,8.478407272812367e-248,4577,SIDM01008,vae_imputed
1148,0.5449518894847745,2.6009361391860684e-247,3204,SIDM01030,original
935,0.4704549798812506,4.7697472374072026e-247,4507,SIDM00327,mean
457,0.46677455699103804,6.915074544588951e-247,4585,SIDM00673,vae_imputed
483,0.4676920404826677,1.2264271620662915e-246,4560,SIDM00318,mean
275,0.46714593262701215,2.0307042353137765e-246,4568,SIDM01076,mean
492,0.5634530219645998,2.0785793876322025e-246,2945,SIDM00541,original
654,0.46634865213490356,2.216923882080431e-246,4585,SIDM01020,mofa_imputed
109,0.4666137742489265,3.669179319205012e-246,4575,SIDM00429,vae_imputed
1038,0.46607882283482194,6.692888200627005e-246,4582,SIDM00132,mofa_imputed
417,0.4663191200271211,5.165541621892627e-245,4560,SIDM00628,vae_imputed
334,0.4673908174138067,1.1292962007064037e-244,4530,SIDM00887,mofa_imputed
562,0.46560916440341793,1.3346626059111653e-244,4568,SIDM00675,mofa_imputed
333,0.4671101650253583,2.4152823508105456e-244,4530,SIDM00887,vae_imputed
412,0.5696961942510692,2.742882448492738e-244,2842,SIDM01188,original
12,0.5505013039368417,7.361367426000339e-244,3083,SIDM00405,original
1144,0.5731644301482376,1.3612553807251977e-243,2792,SIDM00749,original
527,0.464377702340959,1.422123406905472e-243,4576,SIDM01084,mean
133,0.4641064061279231,1.4314757899303488e-243,4582,SIDM00594,vae_imputed
134,0.46391889355416716,2.37963843055478e-243,4582,SIDM00594,mofa_imputed
405,0.4636588624049885,3.777112669626546e-243,4584,SIDM00136,vae_imputed
1040,0.5332400641626962,3.8534270494708084e-243,3317,SIDM00629,original
951,0.4635147980265462,1.6584612367634673e-242,4575,SIDM00713,mean
748,0.5956231087938957,5.809180977517231e-242,2521,SIDM01062,original
63,0.4626459880853012,1.513338846382864e-240,4557,SIDM01037,mean
841,0.4611896381504715,8.658925124586969e-240,4575,SIDM00849,vae_imputed
260,0.531703486479178,1.5172091301707129e-239,3290,SIDM01112,original
653,0.4600913790939709,4.975995814197717e-239,4585,SIDM01020,vae_imputed
778,0.46199862848441475,2.200277756591977e-238,4530,SIDM00689,mofa_imputed
557,0.4599417423195321,3.48638258164481e-238,4572,SIDM00151,vae_imputed
113,0.459074741405113,7.530429437896513e-238,4585,SIDM00684,vae_imputed
1016,0.5604992128713194,1.7395502668421666e-237,2874,SIDM00333,original
456,0.5241972250853879,2.3817727189555013e-237,3371,SIDM00673,original
1087,0.46173085266869823,2.7139555407719056e-237,4515,SIDM00996,mean
1044,0.5346387442847971,4.9009296649581735e-237,3213,SIDM00097,original
219,0.45995328590437123,7.451127328497257e-237,4546,SIDM00116,mean
561,0.45877467267044914,1.251744706602285e-236,4568,SIDM00675,vae_imputed
844,0.5220639137091055,2.824824505761898e-236,3388,SIDM00082,original
672,0.5153309351161814,9.446826702323663e-236,3485,SIDM01024,original
50,0.45788497791256877,3.821750394266377e-235,4559,SIDM00122,mofa_imputed
559,0.4571714452218587,5.465073877714828e-235,4572,SIDM00151,mean
717,0.4572080258296603,5.579132155504577e-235,4571,SIDM00485,vae_imputed
806,0.45640184935827366,9.120611050154844e-235,4585,SIDM00680,mofa_imputed
30,0.45749806944564414,1.0616078548884445e-234,4559,SIDM01150,mofa_imputed
576,0.5001711456503724,1.082600619488156e-234,3719,SIDM01111,original
507,0.45951320065160234,3.4999830486867564e-234,4504,SIDM00568,mean
1067,0.459496638744443,3.655474764090112e-234,4504,SIDM01038,mean
550,0.45605211782000726,5.845913386257006e-234,4577,SIDM01005,mofa_imputed
628,0.5360076509552038,6.621666010492335e-234,3151,SIDM00345,original
1111,0.45508538880355404,1.0340447692851033e-233,4594,SIDM00890,mean
486,0.4558510682436025,1.4088756797843424e-233,4574,SIDM00609,mofa_imputed
1153,0.4559311799598461,6.561513968851089e-233,4559,SIDM00885,vae_imputed
722,0.4540592614488976,3.885970236992132e-232,4586,SIDM00349,mofa_imputed
67,0.4572739346024744,1.2218491942708147e-231,4504,SIDM01016,mean
926,0.4535957197049455,4.6572192944054105e-231,4575,SIDM01141,mofa_imputed
123,0.45167078814155687,9.156526824218481e-231,4613,SIDM00940,mean
307,0.4525855809821877,1.0370097221467992e-230,4591,SIDM01096,mean
680,0.5198341813505931,3.1234052767378677e-230,3334,SIDM00812,original
729,0.45194021748309077,3.969163998696097e-230,4594,SIDM00803,vae_imputed
686,0.45279337461578445,8.448830392663997e-230,4568,SIDM00108,mofa_imputed
502,0.45184537358569654,1.78725895100695e-229,4583,SIDM00321,mofa_imputed
1154,0.45264506579937597,3.490622027936234e-229,4559,SIDM00885,mofa_imputed
685,0.4516080326256412,1.836784102245812e-228,4568,SIDM00108,vae_imputed
221,0.4529591787789018,4.8512339450417154e-228,4529,SIDM01067,vae_imputed
554,0.4515746860512992,9.898500834668838e-228,4554,SIDM01190,mofa_imputed
785,0.45092808549971936,1.0684685827042224e-227,4568,SIDM00371,vae_imputed
393,0.45095654872903457,2.763999823997587e-227,4559,SIDM00729,vae_imputed
1037,0.4494961958110712,8.843822647995774e-227,4582,SIDM00132,vae_imputed
553,0.4506841716758258,9.852739217927436e-227,4554,SIDM01190,vae_imputed
171,0.45095010463931423,1.2335728757521504e-226,4546,SIDM01056,mean
730,0.4487099704393276,1.7409231553124995e-226,4594,SIDM00803,mofa_imputed
766,0.4486003696997703,4.053805696054836e-226,4589,SIDM00290,mofa_imputed
879,0.4479696155177636,3.2223108064186253e-225,4585,SIDM00513,mean
489,0.4503557036108903,3.4945214253909105e-225,4530,SIDM01028,vae_imputed
1108,0.515086658194526,7.757234498610318e-225,3326,SIDM00890,original
49,0.4487146051274338,8.829830319621116e-225,4559,SIDM00122,vae_imputed
720,0.5581366838018882,3.253082816753621e-224,2740,SIDM00349,original
567,0.4477358554588741,1.8904079728890156e-223,4554,SIDM00107,mean
777,0.44852618010302236,3.7275435454882205e-223,4530,SIDM00689,vae_imputed
490,0.4484481297186748,4.5463832206458e-223,4530,SIDM01028,mofa_imputed
706,0.4484388972983125,4.654425627656328e-223,4530,SIDM00965,mofa_imputed
964,0.5554792814241538,1.0515761348548969e-222,2753,SIDM01082,original
29,0.44638109990482994,3.410060683370992e-222,4559,SIDM01150,vae_imputed
944,0.5745971109976354,9.757485945002162e-222,2524,SIDM00486,original
805,0.4443782850491427,3.1164764691700286e-221,4585,SIDM00680,vae_imputed
885,0.4447266874407866,2.2623030006325248e-220,4559,SIDM00138,vae_imputed
127,0.44451543245668457,3.456219976492614e-220,4560,SIDM01184,mean
375,0.4431158807904664,3.964427428917011e-220,4591,SIDM01147,mean
156,0.4930154579575839,9.525464912827929e-220,3598,SIDM00512,original
607,0.44345429727605284,1.50544235817421e-219,4571,SIDM00875,mean
403,0.44300327138986506,1.755386508792008e-219,4580,SIDM01023,mean
1100,0.5580042142298844,2.6556979037545995e-219,2681,SIDM00560,original
868,0.5143197853435463,2.977211281305583e-219,3254,SIDM01164,original
713,0.44215002839369644,4.5579530173333627e-219,4591,SIDM00194,vae_imputed
40,0.5024590241529172,4.565687564161854e-218,3417,SIDM00841,original
394,0.4425793929382156,5.059033141634808e-218,4559,SIDM00729,mofa_imputed
454,0.4411647784817736,1.7974534825871674e-217,4580,SIDM00499,mofa_imputed
1047,0.4410208819796307,2.0770572271300283e-217,4582,SIDM00097,mean
780,0.5301348789016382,2.6378540074391195e-217,3003,SIDM00139,original
536,0.5031555334638501,4.922469467468369e-216,3374,SIDM00284,original
1163,0.43965091690462793,5.175237876805815e-216,4584,SIDM00783,mean
501,0.4394269443245329,1.0083129856409495e-215,4583,SIDM00321,vae_imputed
390,0.4401340200853066,1.0754020465149578e-215,4566,SIDM00339,mofa_imputed
769,0.4410570717893344,5.891582006382774e-215,4529,SIDM00477,vae_imputed
549,0.4387065585374986,1.155211420579082e-214,4577,SIDM01005,vae_imputed
1017,0.44160600014366563,1.64279944843194e-214,4507,SIDM00333,vae_imputed
370,0.43766881914453254,3.425917181593969e-214,4591,SIDM01031,mofa_imputed
981,0.4383924184598211,1.7256016336084517e-213,4559,SIDM00866,vae_imputed
263,0.43689275006972167,3.235209190233208e-213,4588,SIDM01112,mean
1052,0.5555805331538065,6.22033555126364e-213,2630,SIDM00586,original
1132,0.5123823231608442,1.4091565059708437e-212,3182,SIDM00585,original
400,0.5244802826378784,1.5117362159851632e-212,3012,SIDM01023,original
1078,0.43880125238778134,1.5552628719262186e-212,4529,SIDM00703,mofa_imputed
996,0.5545998099901513,2.8373864597035673e-212,2633,SIDM00899,original
1027,0.43536589931201125,1.269183988879639e-211,4589,SIDM00649,mean
89,0.43559201435531264,1.8743513718295528e-211,4580,SIDM00090,vae_imputed
862,0.4344073357709564,2.2688755498746536e-211,4606,SIDM00832,mofa_imputed
563,0.43594331804797776,2.7963897062168133e-211,4568,SIDM00675,mean
453,0.4353014542071063,3.83312189998631e-211,4580,SIDM00499,vae_imputed
90,0.43513047458895526,5.8377096928062284e-211,4580,SIDM00090,mofa_imputed
1135,0.4347252306321191,6.1521000227507345e-211,4589,SIDM00585,mean
656,0.5378464416296067,1.213361969242182e-210,2812,SIDM00855,original
980,0.5503135686836171,1.4285692858763976e-210,2661,SIDM00866,original
320,0.505641988225553,2.0598125904178227e-210,3248,SIDM00527,original
873,0.43456294267447576,1.913378881952417e-209,4560,SIDM00924,vae_imputed
597,0.4331338902040968,1.1815677564648112e-208,4576,SIDM00237,vae_imputed
770,0.4347812079069681,2.8971659732824495e-208,4529,SIDM00477,mofa_imputed
369,0.43147807655600634,1.4163527245765016e-207,4591,SIDM01031,vae_imputed
615,0.43151283858302536,3.292358186766285e-207,4582,SIDM00677,mean
119,0.43193884704070373,4.96447017384369e-207,4568,SIDM00548,mean
1133,0.42983220586054405,9.460377829456227e-206,4589,SIDM00585,vae_imputed
331,0.429759078658828,1.6995216586202817e-205,4585,SIDM00426,mean
1152,0.4754001877922554,1.8997827696410885e-205,3654,SIDM00885,original
874,0.4304686465921278,3.962871903969123e-205,4560,SIDM00924,mofa_imputed
235,0.4292915274886388,7.141373262431628e-205,4582,SIDM00336,mean
861,0.42790364235088746,1.7762862716460065e-204,4606,SIDM00832,vae_imputed
765,0.42782950546247395,1.1866232008611883e-203,4589,SIDM00290,vae_imputed
1029,0.42852855636513687,2.793245591758654e-203,4564,SIDM00884,vae_imputed
1010,0.4286991797848905,3.084320838601035e-203,4559,SIDM00778,mofa_imputed
721,0.42719658336957345,7.344146360180466e-203,4586,SIDM00349,vae_imputed
396,0.48507355170282984,2.5442010085432327e-202,3436,SIDM01055,original
1077,0.4287741068867431,5.445644008512805e-202,4529,SIDM00703,vae_imputed
798,0.42754590324117503,5.950409774732689e-202,4557,SIDM00795,mofa_imputed
915,0.42630119056610505,6.265205246641943e-202,4586,SIDM00779,mean
737,0.42929817716735374,6.511517295004099e-202,4515,SIDM00498,vae_imputed
938,0.42761521826302196,6.830046474323326e-202,4554,SIDM00588,mofa_imputed
1082,0.42855322451703337,9.211562944105974e-202,4529,SIDM01130,mofa_imputed
977,0.4264254763792704,1.271027067386308e-201,4576,SIDM00250,vae_imputed
28,0.5078104140067682,2.7748792150374324e-201,3075,SIDM01150,original
1030,0.4263314436180627,5.307271978087859e-201,4564,SIDM00884,mofa_imputed
734,0.42531827403933165,9.754446809022373e-201,4582,SIDM00798,mofa_imputed
828,0.4575349234745055,1.2279152388772708e-200,3891,SIDM00789,original
858,0.42564557688555843,4.467094403306547e-200,4559,SIDM00831,mofa_imputed
1028,0.48954437014826,1.120072276060021e-199,3320,SIDM00884,original
857,0.4251024278702101,1.6174908122121893e-199,4559,SIDM00831,vae_imputed
1136,0.5097307661963574,2.2127173415236294e-199,3019,SIDM00702,original
884,0.5477361015102876,4.423751214481116e-199,2543,SIDM00138,original
1009,0.4244109907454882,8.293531607582128e-199,4559,SIDM00778,vae_imputed
1134,0.42284694278701845,1.712940571425886e-198,4589,SIDM00585,mofa_imputed
728,0.48823974101036877,2.7274809024520293e-198,3317,SIDM00803,original
903,0.42270287547682817,3.2359670110653138e-198,4586,SIDM00461,mean
887,0.42320095464132085,1.4357857571781526e-197,4559,SIDM00138,mean
738,0.42490008392955864,2.0953316433294686e-197,4515,SIDM00498,mofa_imputed
102,0.4212900956240451,4.1276773671767803e-197,4594,SIDM00791,mofa_imputed
1068,0.500095838523556,5.1833208763929474e-197,3118,SIDM00149,original
889,0.4218587036578228,6.318057153036791e-197,4576,SIDM01163,vae_imputed
542,0.4209091295884455,1.011555320493177e-196,4594,SIDM01078,mofa_imputed
797,0.42211639530470063,2.2286413139811646e-196,4557,SIDM00795,vae_imputed
890,0.42063834820013013,1.1049151108599169e-195,4576,SIDM01163,mofa_imputed
267,0.422487535127081,1.4693020423357227e-195,4529,SIDM00505,mean
774,0.4206900691258252,5.135497773329233e-195,4559,SIDM00654,mofa_imputed
15,0.4189574557235827,1.310012687677116e-194,4591,SIDM00405,mean
247,0.41941102783993406,2.138187263187084e-194,4575,SIDM00335,mean
678,0.42107555484671527,3.551272643149048e-194,4530,SIDM01101,mofa_imputed
364,0.5347322669667232,6.089279294647003e-194,2623,SIDM00745,original
35,0.4188455286507822,3.737756173292228e-193,4559,SIDM00589,mean
452,0.4775429307661659,3.8549600170433093e-193,3398,SIDM00499,original
531,0.4205522069883842,5.1509142804376285e-193,4515,SIDM01137,mean
658,0.4171175721532787,9.476967419525727e-193,4591,SIDM00855,mofa_imputed
626,0.41843292217742195,9.717066376552781e-193,4559,SIDM00328,mofa_imputed
239,0.41725446642812597,1.4838655037859672e-192,4583,SIDM00865,mean
840,0.5413352489220408,2.018155286568463e-191,2514,SIDM00849,original
1076,0.4699198465398324,2.028666609551945e-191,3493,SIDM00703,original
677,0.41823749069999067,2.4892685330918668e-191,4530,SIDM01101,vae_imputed
815,0.41624276919426395,2.9999284935819565e-191,4576,SIDM00124,mean
588,0.46262122381574833,4.211960927236102e-191,3613,SIDM00487,original
485,0.41611698303711797,4.84939291041452e-191,4574,SIDM00609,vae_imputed
670,0.41654351220038954,6.897842472756068e-191,4560,SIDM01085,mofa_imputed
987,0.41468457701188194,2.6161455222058743e-190,4591,SIDM00457,mean
978,0.4152505875201029,2.9429320630932524e-190,4576,SIDM00250,mofa_imputed
886,0.415782355500807,4.3566764348702773e-190,4559,SIDM00138,mofa_imputed
705,0.415963935244867,4.529149562703812e-189,4530,SIDM00965,vae_imputed
855,0.4137108845286734,2.1259712612581443e-188,4568,SIDM01124,mean
389,0.413407917768305,5.117825338437496e-188,4566,SIDM00339,vae_imputed
773,0.41324458270042935,1.4309146240913295e-187,4559,SIDM00654,vae_imputed
808,0.470615891074451,1.5377631301858916e-187,3410,SIDM00909,original
151,0.41151981727345205,2.764892372186721e-187,4594,SIDM00572,mean
209,0.41206635245684525,6.777954518372505e-187,4571,SIDM00748,vae_imputed
918,0.4113670859897024,9.902577156924737e-187,4584,SIDM01105,mofa_imputed
80,0.48534385282541603,1.6134275046685824e-186,3161,SIDM00125,original
650,0.41157452498600255,2.7331019233018237e-186,4568,SIDM00685,mofa_imputed
598,0.4109860657461273,4.933140402230339e-186,4576,SIDM00237,mofa_imputed
416,0.4692413480639368,1.0230779455087548e-185,3399,SIDM00628,original
54,0.4116786992564019,1.6686250639525566e-185,4546,SIDM00547,mofa_imputed
210,0.410413846006996,2.856211193831031e-185,4571,SIDM00748,mofa_imputed
937,0.41109924543510734,2.932584993764902e-185,4554,SIDM00588,vae_imputed
968,0.5053344605262942,3.011410657130215e-185,2860,SIDM00554,original
701,0.4093033378927362,7.324800483252246e-185,4588,SIDM00087,vae_imputed
101,0.40861316962870076,2.0057833187645797e-184,4594,SIDM00791,vae_imputed
638,0.4083714990770191,1.7897924361916383e-183,4576,SIDM00618,mofa_imputed
925,0.4081166551922107,3.472837085951113e-183,4575,SIDM01141,vae_imputed
220,0.5066627043526135,8.01023241897278e-183,2805,SIDM01067,original
552,0.5081013358489225,1.1727472528518717e-182,2784,SIDM01190,original
856,0.44477027868113383,2.5136203200268572e-182,3764,SIDM00831,original
917,0.40672215086685387,3.4775517684489785e-182,4584,SIDM01105,vae_imputed
376,0.4690863907966378,5.169869302253718e-182,3333,SIDM01008,original
1043,0.40550586183834103,2.794067450612278e-181,4591,SIDM00629,mean
979,0.40577101384844155,5.971401497264385e-181,4576,SIDM00250,mean
976,0.48069325543138397,8.816790811541111e-181,3131,SIDM00250,original
392,0.48390311405744707,9.66180092551593e-181,3083,SIDM00729,original
1126,0.4056192107040626,1.7192066815362806e-180,4568,SIDM00092,mofa_imputed
834,0.4048839892956079,1.9111539764073843e-180,4585,SIDM01010,mofa_imputed
1081,0.40677033719325484,4.542951638331113e-180,4529,SIDM01130,vae_imputed
459,0.40429839567355663,7.011262652090916e-180,4585,SIDM00673,mean
712,0.5255905477496273,7.282228465036958e-180,2532,SIDM00194,original
324,0.47374227088561427,1.4028712998527033e-179,3215,SIDM00506,original
455,0.40408514913568594,1.7574066575866782e-179,4580,SIDM00499,mean
98,0.40435547977773006,2.822783467061784e-179,4568,SIDM00360,mofa_imputed
652,0.47756194090522724,4.341727288232263e-179,3148,SIDM01020,original
875,0.4041925371393732,8.265101508605001e-179,4560,SIDM00924,mean
631,0.40367948171639867,8.78900712820966e-179,4572,SIDM00345,mean
327,0.4035468798827994,5.842538632372918e-178,4554,SIDM00506,mean
323,0.4031294478672233,1.1191459382328256e-177,4557,SIDM00527,mean
141,0.4051767152864107,1.434615516361731e-177,4504,SIDM00640,vae_imputed
539,0.40358225525825936,5.002508001608008e-177,4529,SIDM00284,mean
733,0.4012624381085165,7.3921114391106245e-177,4582,SIDM00798,vae_imputed
97,0.4012999562312244,2.3308521953705687e-176,4568,SIDM00360,vae_imputed
43,0.4011179244520487,9.117028372364983e-176,4557,SIDM00841,mean
10,0.39951140221834164,2.3998987468876948e-175,4586,SIDM00582,mofa_imputed
3,0.4005739115087089,3.8768837399518824e-175,4554,SIDM01077,mean
625,0.3997732505877463,1.426350490921315e-174,4559,SIDM00328,vae_imputed
687,0.39916091633760103,2.4620313033836283e-174,4568,SIDM00108,mean
637,0.39866937834932425,3.574170784299294e-174,4576,SIDM00618,vae_imputed
757,0.3982345089241092,5.011944972406467e-174,4583,SIDM00872,vae_imputed
425,0.39827473708016237,8.412863565834278e-174,4576,SIDM00614,vae_imputed
1036,0.46585003994631224,9.900056428847402e-174,3230,SIDM00132,original
18,0.39822579669164665,1.1119783359421328e-173,4574,SIDM01110,mofa_imputed
257,0.39780426973750854,1.3891553705506399e-173,4582,SIDM00080,vae_imputed
17,0.3974825149130862,5.552674478927186e-173,4574,SIDM01110,vae_imputed
1092,0.4911030651211255,9.523584958772938e-173,2847,SIDM01027,original
684,0.48829815246213065,1.3836201626023963e-172,2882,SIDM00108,original
426,0.3969132732041853,1.598157336218057e-172,4576,SIDM00614,mofa_imputed
258,0.39638076619817614,3.0139012326467524e-172,4582,SIDM00080,mofa_imputed
657,0.3959159858740199,3.8055769605747544e-172,4591,SIDM00855,vae_imputed
535,0.39871432702550574,6.412194475214255e-172,4515,SIDM01089,mean
387,0.396214270094446,1.0146230721778274e-171,4572,SIDM00272,mean
203,0.3949984524709048,3.253763331631599e-171,4589,SIDM00522,mean
206,0.395812555246907,4.0132611768275823e-171,4566,SIDM00533,mofa_imputed
53,0.39583879791177257,2.089895219761468e-170,4546,SIDM00547,vae_imputed
445,0.3973603843531744,2.304205193903602e-170,4507,SIDM00615,vae_imputed
473,0.3934442977467868,2.720071707377091e-169,4576,SIDM00105,vae_imputed
1125,0.3936330157610834,3.5698518767320157e-169,4568,SIDM00092,vae_imputed
446,0.39552499810313446,1.1313301621712456e-168,4507,SIDM00615,mofa_imputed
142,0.39548172978498447,1.600552988887882e-168,4504,SIDM00640,mofa_imputed
332,0.4642107829862825,2.997142610441255e-168,3152,SIDM00887,original
759,0.3917291557066409,5.810413496725136e-168,4583,SIDM00872,mean
649,0.3920366373968607,1.058992675064699e-167,4568,SIDM00685,vae_imputed
669,0.39228702955856937,1.2166924445777216e-167,4560,SIDM01085,vae_imputed
936,0.4670734540034162,2.56881290341603e-167,3091,SIDM00588,original
818,0.3912075079631904,3.143425720636828e-167,4576,SIDM00581,mofa_imputed
541,0.38973208568843565,1.601569511293898e-166,4594,SIDM01078,vae_imputed
888,0.46364477768516155,1.2376836461648268e-165,3111,SIDM01163,original
367,0.389575965692001,1.8980289251048634e-165,4568,SIDM00745,mean
924,0.49717408329525936,2.261557626869031e-165,2648,SIDM01141,original
230,0.38974814430275284,4.1956732565593125e-165,4554,SIDM00348,mofa_imputed
826,0.3884759024402851,4.729070375479461e-165,4585,SIDM00957,mofa_imputed
1035,0.38832749517949533,6.457311278655999e-165,4585,SIDM00130,mean
229,0.389456133406631,7.731850930943438e-165,4554,SIDM00348,vae_imputed
152,0.45856404751679575,8.554491950223196e-165,3173,SIDM01199,original
166,0.3907980904176372,1.280612658755568e-164,4514,SIDM01108,mofa_imputed
666,0.38855861060393626,1.3588534523431912e-164,4570,SIDM00715,mofa_imputed
404,0.447699110649668,3.1476349895511606e-164,3337,SIDM00136,original
675,0.38801848135028383,4.204435077579882e-164,4570,SIDM01024,mean
242,0.38857963837896825,4.82537851102733e-164,4554,SIDM00926,mofa_imputed
860,0.4630104765967751,7.204582190415925e-164,3087,SIDM00832,original
579,0.3870243841721632,2.2268946971542383e-163,4575,SIDM01111,mean
732,0.45412732318236,2.8136632870520517e-163,3213,SIDM00798,original
659,0.38612763151825885,3.948624478455826e-163,4591,SIDM00855,mean
871,0.38922913999096176,5.934577806600499e-163,4507,SIDM01164,mean
872,0.4805697450110218,1.0844796521025958e-162,2816,SIDM00924,original
611,0.3865586958096253,1.4321805689237126e-162,4564,SIDM00658,mean
474,0.3858730691437261,2.2526707637080627e-162,4576,SIDM00105,mofa_imputed
499,0.38560770356091134,2.409092412218546e-162,4582,SIDM00660,mean
1055,0.3864957313169768,2.8774814564171406e-162,4557,SIDM00586,mean
922,0.38536018839853664,4.730961738053535e-162,4580,SIDM00921,mofa_imputed
115,0.3851564011491621,4.829499205501711e-162,4585,SIDM00684,mean
488,0.4500056907564019,5.031054091982881e-162,3254,SIDM01028,original
726,0.38476457184477336,7.896707371127392e-162,4589,SIDM00718,mofa_imputed
165,0.3875752578556369,1.017554768738092e-161,4514,SIDM01108,vae_imputed
756,0.46726238113084445,2.9591085855091043e-161,2975,SIDM00872,original
1095,0.38402482742827543,6.3945684783227164e-161,4582,SIDM01027,mean
863,0.38303651752879825,7.292784691610483e-161,4606,SIDM00832,mean
784,0.4537357613040593,9.274415839621236e-161,3169,SIDM00371,original
811,0.38344095626279195,1.3231185739584657e-160,4588,SIDM00909,mean
198,0.3827641871602252,4.2095118954223854e-160,4591,SIDM00879,mofa_imputed
368,0.4199360074276233,4.355163877036474e-160,3749,SIDM01031,original
921,0.38299876678431627,6.217881580169587e-160,4580,SIDM00921,vae_imputed
484,0.475938396669753,7.566598278867618e-160,2828,SIDM00609,original
9,0.38207860526947895,2.562165313550575e-159,4586,SIDM00582,vae_imputed
294,0.3819878329142986,9.326074355699035e-159,4572,SIDM00756,mofa_imputed
702,0.3813003097677837,1.079989207532756e-158,4588,SIDM00087,mofa_imputed
205,0.3819361162542003,1.664872166654125e-158,4566,SIDM00533,vae_imputed
555,0.38227349919644243,2.1578184994586868e-158,4554,SIDM01190,mean
26,0.38111040935617885,2.553215464644355e-158,4582,SIDM00088,mofa_imputed
48,0.4257938015312052,5.8988036726778534e-158,3587,SIDM00122,original
843,0.38090816308356307,6.686995136129489e-158,4575,SIDM00849,mean
1062,0.3813904056147268,8.800093576334174e-158,4559,SIDM00728,mofa_imputed
833,0.38030598550567546,1.0435163705274427e-157,4585,SIDM01010,vae_imputed
112,0.5033632253639945,2.363322483751104e-157,2447,SIDM00684,original
627,0.3807767847619581,3.066206390369573e-157,4559,SIDM00328,mean
1075,0.3799463675959782,8.18984835306827e-157,4568,SIDM00683,mean
100,0.43711604198424087,1.4337073965982257e-156,3354,SIDM00791,original
817,0.3793059069807643,1.6110107440015113e-156,4576,SIDM00581,vae_imputed
478,0.37910630570642456,1.7700042244386573e-156,4580,SIDM00860,mofa_imputed
293,0.37884341758653556,5.611635087132981e-156,4572,SIDM00756,vae_imputed
824,0.4524886008035309,1.352407737944678e-155,3085,SIDM00957,original
736,0.44177697757894774,2.326025721656986e-155,3250,SIDM00498,original
725,0.37705478081784316,5.617496009839368e-155,4589,SIDM00718,vae_imputed
197,0.3769146771259861,6.393097057798263e-155,4591,SIDM00879,vae_imputed
999,0.3769925728796598,8.018318165351984e-155,4586,SIDM00899,mean
919,0.3769341388287054,1.0517533982117607e-154,4584,SIDM01105,mean
6,0.37812473680309977,1.788066679660063e-154,4546,SIDM00392,mofa_imputed
624,0.46156108552909647,1.9223441901535543e-154,2928,SIDM00328,original
967,0.3764838019445631,1.6351466147895704e-153,4560,SIDM01082,mean
1031,0.3758075157251314,4.660555374540858e-153,4564,SIDM00884,mean
758,0.3750464853757752,5.034131126716965e-153,4583,SIDM00872,mofa_imputed
731,0.3744816640233544,6.77767460168374e-153,4594,SIDM00803,mean
25,0.3748036029774709,8.8292812351729e-153,4582,SIDM00088,vae_imputed
88,0.46544347582906426,1.0966233740015038e-152,2840,SIDM00090,original
22,0.37502621355536825,1.4061816729454889e-152,4570,SIDM00973,mofa_imputed
621,0.37388798938294804,4.381497378214009e-152,4585,SIDM00437,vae_imputed
825,0.37380155387221364,5.205801447213867e-152,4585,SIDM00957,vae_imputed
643,0.37412012131509537,1.9632659573166072e-151,4559,SIDM00247,mean
958,0.37294403638423185,6.07651337047297e-151,4575,SIDM00608,mofa_imputed
1008,0.4391394152029817,1.1426783508615563e-150,3193,SIDM00778,original
196,0.4262070627368353,2.3410910842926322e-150,3405,SIDM00879,original
847,0.3720285017354319,3.457127686385608e-150,4576,SIDM00082,mean
665,0.3720544338831625,5.138608077897623e-150,4570,SIDM00715,vae_imputed
816,0.4585505236224783,1.3718004258063887e-149,2877,SIDM00581,original
540,0.43715922152347597,1.5098967270568497e-149,3201,SIDM01078,original
337,0.3716429607556127,2.625018264600768e-149,4559,SIDM01040,vae_imputed
768,0.4451860470466883,3.1520305359453093e-149,3067,SIDM00477,original
388,0.44096637538434397,7.4464661689453956e-149,3125,SIDM00339,original
500,0.4297963272749562,8.682621719858674e-149,3307,SIDM00321,original
241,0.3712149781550275,8.82679568323197e-149,4554,SIDM00926,vae_imputed
259,0.37010580260737186,9.823946048283836e-149,4582,SIDM00080,mean
772,0.41258620293252163,3.2531337096749614e-148,3605,SIDM00654,original
942,0.37024749501288423,4.061367690707161e-148,4559,SIDM00755,mofa_imputed
783,0.3694808237589903,5.2126554737739605e-148,4576,SIDM00139,mean
96,0.4505266850441511,6.902727263804605e-148,2959,SIDM00360,original
596,0.43079686677911183,7.511296476573917e-148,3269,SIDM00237,original
655,0.36852304077888,1.7588410479054978e-147,4585,SIDM01020,mean
108,0.44271773181515117,4.0028452724359734e-147,3061,SIDM00429,original
83,0.3698022686733715,8.838304958537756e-147,4529,SIDM00125,mean
475,0.36778281550169606,1.4387923972142406e-146,4576,SIDM00105,mean
636,0.4452527192067426,1.722865056135941e-146,3009,SIDM00618,original
764,0.4359524253558412,2.1408760980846315e-146,3152,SIDM00290,original
444,0.42268980812156326,2.461142597271179e-146,3374,SIDM00615,original
106,0.36692155464088777,2.5932588202983903e-146,4591,SIDM00716,mofa_imputed
164,0.47828787427776026,4.84782047226037e-146,2552,SIDM01108,original
338,0.36748382724497936,8.854814313241398e-146,4559,SIDM01040,mofa_imputed
591,0.3691462778869859,1.9744854202856055e-145,4504,SIDM00487,mean
424,0.42920920770065984,5.601933396827409e-145,3231,SIDM00614,original
548,0.4409352963982027,8.679983054618248e-145,3039,SIDM01005,original
835,0.36527589327863164,9.754744263446413e-145,4585,SIDM01010,mean
1155,0.36596351890717854,1.674278668487462e-144,4559,SIDM00885,mean
1079,0.3665018583099373,5.17196762681817e-144,4529,SIDM00703,mean
472,0.4294304143658974,1.5162887287989092e-143,3195,SIDM00105,original
941,0.36481817051052884,1.517215552802288e-143,4559,SIDM00755,vae_imputed
832,0.4355526843478498,1.7091369660252905e-143,3095,SIDM01010,original
31,0.36470755781899084,1.876221515069166e-143,4559,SIDM01150,mean
477,0.3638916188637564,2.0128749989482916e-143,4580,SIDM00860,vae_imputed
804,0.43593717354804384,2.3288712919226215e-143,3086,SIDM00680,original
546,0.3633503803807642,3.7205724992034403e-143,4586,SIDM01000,mofa_imputed
379,0.36348046045338467,5.487506489481559e-143,4577,SIDM01008,mean
111,0.36320871848670205,1.0647577433441217e-142,4575,SIDM00429,mean
240,0.41997318251679017,1.1960084737549698e-142,3335,SIDM00926,original
214,0.3626323415216831,1.2816623841271004e-142,4588,SIDM00833,mofa_imputed
466,0.36536997761622203,1.326379505201156e-142,4514,SIDM00449,mofa_imputed
213,0.3624391437879143,1.8561472609607348e-142,4588,SIDM00833,vae_imputed
664,0.4467601490984393,4.074175943633932e-142,2896,SIDM00715,original
24,0.4261792123218264,1.570884482800729e-141,3203,SIDM00088,original
545,0.36097471291893773,3.5064934241198226e-141,4586,SIDM01000,vae_imputed
204,0.41839467646401424,1.452393581888475e-140,3313,SIDM00533,original
771,0.36231449335264254,1.5067927653714358e-140,4529,SIDM00477,mean
427,0.35977970709157325,6.809290717926088e-140,4576,SIDM00614,mean
648,0.4579485622329539,1.2431548945055468e-139,2691,SIDM00685,original
1099,0.35868262275459645,2.2076356307372144e-139,4589,SIDM00676,mean
491,0.36036149498008613,5.5708652046620386e-139,4530,SIDM01028,mean
916,0.40668442369587643,6.637709669335008e-139,3484,SIDM01105,original
21,0.3582832675137356,1.7353498481133014e-138,4570,SIDM00973,vae_imputed
132,0.42687089235793585,4.2816641552432355e-138,3113,SIDM00594,original
827,0.35716105762946615,5.1144818282720524e-138,4585,SIDM00957,mean
599,0.3572056504444726,8.701720842280843e-138,4576,SIDM00237,mean
1151,0.3569846924450117,8.742261810006789e-138,4582,SIDM01030,mean
465,0.3594770311796448,8.864703500491119e-138,4514,SIDM00449,vae_imputed
159,0.3564105461428701,1.9537589449424663e-137,4586,SIDM00512,mean
462,0.3593415606008472,2.2808312204486373e-137,4504,SIDM01194,mofa_imputed
796,0.4074130555685569,3.4181564273216524e-137,3427,SIDM00795,original
52,0.42510169872159753,3.749266988630037e-137,3120,SIDM00547,original
419,0.3558248714729051,3.4091246986578917e-136,4560,SIDM00628,mean
957,0.3551634152401785,4.230106790120332e-136,4575,SIDM00608,vae_imputed
105,0.3544371495261496,5.565679054863894e-136,4591,SIDM00716,vae_imputed
87,0.3564569600176875,2.404936036302959e-135,4514,SIDM01139,mean
1071,0.3538488384999545,5.940439601677039e-135,4572,SIDM00149,mean
573,0.3531538047717772,9.644241516740637e-135,4584,SIDM00494,vae_imputed
5,0.3544129431410769,1.1990927568186924e-134,4546,SIDM00392,vae_imputed
939,0.3525753144195689,2.0659190654901575e-133,4554,SIDM00588,mean
1080,0.43939325661464584,2.557666764445608e-133,2817,SIDM01130,original
140,0.3836962357365397,5.056415158467304e-133,3785,SIDM00640,original
543,0.35031915142563386,9.271799366074343e-133,4594,SIDM01078,mean
145,0.350504366564995,9.782556396832333e-133,4588,SIDM01125,vae_imputed
668,0.42502462137121955,2.0339354337720787e-132,3012,SIDM01085,original
335,0.3518590828490748,3.760722453548624e-132,4530,SIDM00887,mean
676,0.39139444559765213,5.788966710823297e-132,3596,SIDM01101,original
51,0.35009329234839587,1.3887782113800996e-131,4559,SIDM00122,mean
91,0.3490037191482834,2.56663687631612e-131,4580,SIDM00090,mean
256,0.4226075748997863,6.527107397939026e-131,3015,SIDM00080,original
461,0.3507666178455055,1.5139257988086298e-130,4504,SIDM01194,vae_imputed
146,0.34760749566886673,1.9381738243713602e-130,4588,SIDM01125,mofa_imputed
1011,0.34807663015677964,5.391660477608817e-130,4559,SIDM00778,mean
574,0.34708493501254695,6.468997447222017e-130,4584,SIDM00494,mofa_imputed
495,0.34654127855049816,1.2556528484977616e-129,4589,SIDM00541,mean
704,0.42691369641396576,1.3650940082276242e-129,2918,SIDM00965,original
487,0.34678130672033985,2.1291682192325796e-129,4574,SIDM00609,mean
185,0.3490700427423717,2.6308195244806073e-129,4507,SIDM01182,vae_imputed
450,0.34886809135462005,3.778722113247258e-129,4507,SIDM00531,mofa_imputed
281,0.3467276107808228,5.758978787764228e-129,4560,SIDM01079,vae_imputed
421,0.34644280021032947,6.544961040736933e-129,4566,SIDM00937,vae_imputed
1061,0.3466634333771025,6.891861873092621e-129,4559,SIDM00728,vae_imputed
776,0.4188374127151129,2.413005913547411e-128,3014,SIDM00689,original
831,0.34430286637220264,2.421326038004612e-128,4606,SIDM00789,mean
920,0.39364445494680633,3.552821797356668e-128,3448,SIDM00921,original
622,0.34482437609413047,3.5805038211973335e-128,4585,SIDM00437,mofa_imputed
503,0.3436043760381875,3.6167591294470097e-127,4583,SIDM00321,mean
186,0.34578086380472317,9.26587912261644e-127,4507,SIDM01182,mofa_imputed
807,0.342792967599342,1.3581678893925963e-126,4585,SIDM00680,mean
891,0.3428089118501308,2.319289056551603e-126,4576,SIDM01163,mean
292,0.38795992464315443,5.5231270576144506e-126,3497,SIDM00756,original
700,0.42012742333689407,2.3244861803790564e-125,2923,SIDM00087,original
1124,0.4318064150597045,2.8463666418142453e-125,2749,SIDM00092,original
513,0.341517358078218,4.275878658798445e-125,4566,SIDM00942,vae_imputed
434,0.3413823790063191,6.144898763019624e-125,4564,SIDM00925,mofa_imputed
190,0.3404241003812102,4.529458634899446e-124,4559,SIDM00850,mofa_imputed
787,0.3399781722233228,5.697337363106751e-124,4568,SIDM00371,mean
514,0.33840091196477784,1.0218789226450224e-122,4566,SIDM00942,mofa_imputed
399,0.33960743709672453,3.0066027585811223e-122,4514,SIDM01055,mean
442,0.3366580890593387,3.933928444210483e-122,4594,SIDM00419,mofa_imputed
228,0.4043407945395701,4.463536687078476e-122,3095,SIDM00348,original
716,0.48060882433704516,4.738882293432654e-122,2104,SIDM00485,original
735,0.3368604205811428,5.697980743627222e-122,4582,SIDM00798,mean
407,0.3367220004923876,6.428836272536191e-122,4584,SIDM00136,mean
27,0.3367055518953666,7.463394376838119e-122,4582,SIDM00088,mean
283,0.33727935293320294,1.038169698668045e-121,4560,SIDM01079,mean
422,0.33701023589294266,1.1531635386736673e-121,4566,SIDM00937,mofa_imputed
302,0.3357827678349215,5.012876549118381e-121,4577,SIDM01072,mofa_imputed
243,0.3361702938496579,1.0186042950278184e-120,4554,SIDM00926,mean
223,0.3364421035745606,2.865683983541286e-120,4529,SIDM01067,mean
167,0.3358381534915969,1.9883365664506505e-119,4514,SIDM01108,mean
723,0.3331734804681738,2.6643409827657857e-119,4586,SIDM00349,mean
651,0.33344204555458756,4.856298204554784e-119,4568,SIDM00685,mean
724,0.39513156538585453,9.929707530532623e-119,3164,SIDM00718,original
208,0.3966736718820775,2.0165211253839153e-118,3129,SIDM00748,original
128,0.42878041471298534,2.2795279312820115e-118,2636,SIDM00687,original
751,0.3345236027755359,2.841768564978916e-118,4507,SIDM01062,mean
819,0.3318378245783704,4.733464137843433e-118,4576,SIDM00581,mean
1147,0.3312809924741212,5.112000929927819e-118,4591,SIDM00749,mean
433,0.33199668540683913,7.280113672735398e-118,4564,SIDM00925,vae_imputed
689,0.331811110399607,1.2618990613939944e-117,4560,SIDM01066,vae_imputed
391,0.33148332804977687,1.5534396408428981e-117,4566,SIDM00339,mean
282,0.3313712390420347,2.6668187802108254e-117,4560,SIDM01079,mofa_imputed
382,0.330983969804227,5.456325894761173e-117,4559,SIDM01146,mofa_imputed
55,0.33084936494472816,1.4586322155606577e-116,4546,SIDM00547,mean
1139,0.32974611326660463,2.3525100747477084e-116,4570,SIDM00702,mean
983,0.3285920492362208,3.102437552193245e-115,4559,SIDM00866,mean
395,0.32842308136369314,4.121620033488416e-115,4559,SIDM00729,mean
16,0.3837779021485439,4.283087793764147e-115,3266,SIDM01110,original
301,0.32639355428415173,4.462406442162804e-114,4577,SIDM01072,vae_imputed
703,0.32540384044977066,1.2590452133571328e-113,4588,SIDM00087,mean
1058,0.3273591443396311,1.2742251352121838e-113,4530,SIDM00552,mofa_imputed
8,0.4276604605145839,1.2145540712287348e-112,2521,SIDM00582,original
859,0.3248923487439659,1.4961036335384787e-112,4559,SIDM00831,mean
707,0.3257540596092499,1.824507951963429e-112,4530,SIDM00965,mean
441,0.3222349103669352,1.7553095567786126e-111,4594,SIDM00419,vae_imputed
767,0.3221489894345823,2.6623836814666355e-111,4589,SIDM00290,mean
432,0.37273465700423686,4.5500622242968414e-111,3355,SIDM00925,original
155,0.32362776333445015,1.4681430083191243e-110,4514,SIDM01199,mean
572,0.3870376064049467,1.4938254550221773e-110,3078,SIDM00494,original
188,0.409797309533216,1.6825056719956538e-110,2716,SIDM00850,original
947,0.32084240105074757,4.651311223669516e-110,4576,SIDM00486,mean
336,0.38742024294628635,7.261709276170135e-110,3052,SIDM01040,original
1083,0.3219989370371392,9.15994606683651e-110,4529,SIDM01130,mean
469,0.3205591153455436,1.7644047772869074e-109,4560,SIDM01002,vae_imputed
231,0.3206350037102168,2.1599562356376804e-109,4554,SIDM00348,mean
1019,0.3217195692605559,4.813918616014041e-109,4507,SIDM00333,mean
144,0.35940359798847854,5.503602009462337e-109,3559,SIDM01125,original
11,0.3179897198759019,2.8522680915675772e-108,4586,SIDM00582,mean
602,0.3179356239590912,3.2850763859350904e-108,4585,SIDM00146,mofa_imputed
601,0.3176297371966307,5.397215898102073e-108,4585,SIDM00146,vae_imputed
679,0.3194005691637812,5.86276298892531e-108,4530,SIDM01101,mean
1063,0.3183770844020441,6.4498139868894536e-108,4559,SIDM00728,mean
929,0.31788416775817196,2.8631503017529074e-107,4546,SIDM00144,vae_imputed
270,0.3166184532534701,2.925657962523895e-107,4584,SIDM00534,mofa_imputed
930,0.31746850631326795,5.587829085672244e-107,4546,SIDM00144,mofa_imputed
989,0.31657666298085757,6.226910713350285e-107,4571,SIDM00771,vae_imputed
316,0.36772712409317565,1.226152721752956e-106,3314,SIDM00120,original
103,0.3150453654422161,2.1833771296581496e-106,4594,SIDM00791,mean
470,0.31568548672941826,4.65450902720958e-106,4560,SIDM01002,mofa_imputed
990,0.31529373892413914,4.891972545286658e-106,4571,SIDM00771,mofa_imputed
690,0.31546326620044984,6.642773314738355e-106,4560,SIDM01066,mofa_imputed
189,0.31532474260598764,8.737056358229337e-106,4559,SIDM00850,vae_imputed
207,0.3150662672514944,9.151580551074908e-106,4566,SIDM00533,mean
683,0.3144279792857018,2.81624753509316e-105,4564,SIDM00812,mean
19,0.3139977000684134,3.323511289652849e-105,4574,SIDM01110,mean
318,0.31309796743188095,1.1931992508596542e-104,4577,SIDM00120,mofa_imputed
1090,0.3126765471130335,1.4663012295222996e-104,4586,SIDM00493,mofa_imputed
130,0.31312671743864956,2.232375780153584e-104,4564,SIDM00687,mofa_imputed
940,0.3822250938505375,3.300396470818075e-104,2978,SIDM00755,original
199,0.31140698441005366,8.52599418523363e-104,4591,SIDM00879,mean
74,0.31137408814915885,1.933220366346485e-103,4576,SIDM01156,mofa_imputed
135,0.31114036623946656,2.0590883903626348e-103,4582,SIDM00594,mean
449,0.31279774385117415,7.120708344479597e-103,4507,SIDM00531,vae_imputed
381,0.3102593688657114,2.655391654996141e-102,4559,SIDM01146,vae_imputed
471,0.31022562945549625,2.6611956657725617e-102,4560,SIDM01002,mean
317,0.30802203328286437,3.550148402289736e-101,4577,SIDM00120,vae_imputed
380,0.36086814352287155,5.740558340561706e-101,3264,SIDM01146,original
521,0.3078998022278076,1.0035331867914327e-100,4560,SIDM00933,vae_imputed
4,0.36597201414134956,2.616912864868607e-100,3146,SIDM00392,original
1060,0.36634445331053556,9.01592410672942e-100,3122,SIDM00728,original
341,0.30617940174140856,1.4402318468460563e-99,4560,SIDM01087,vae_imputed
1057,0.30690165523097723,2.0871664358342804e-99,4530,SIDM00552,vae_imputed
104,0.3559798374655876,6.556222661459553e-99,3291,SIDM00716,original
544,0.3487974930703251,8.242172799390883e-99,3434,SIDM01000,original
342,0.30482137557982425,1.164524640504412e-98,4560,SIDM01087,mofa_imputed
20,0.36468393267921007,1.53364920635958e-98,3113,SIDM00973,original
468,0.4210638434219445,3.0607933837134716e-98,2270,SIDM01002,original
280,0.3648010311543219,4.1334041966700824e-98,3097,SIDM01079,original
476,0.35887396068287475,4.361076643675142e-98,3207,SIDM00860,original
212,0.347042418535875,1.2398016299501564e-97,3429,SIDM00833,original
73,0.3027611211897899,1.256653292529388e-97,4576,SIDM01156,vae_imputed
1089,0.30223270272518493,1.7418150119052127e-97,4586,SIDM00493,vae_imputed
7,0.30332447207404034,2.265515591699421e-97,4546,SIDM00392,mean
779,0.30356376001506036,3.417081879154668e-97,4530,SIDM00689,mean
269,0.3013032558415723,7.908218936297167e-97,4584,SIDM00534,vae_imputed
585,0.3010549307877024,1.0489485557528172e-96,4586,SIDM00941,vae_imputed
522,0.3011983742420199,2.911684053650106e-96,4560,SIDM00933,mofa_imputed
69,0.30012086484684547,5.232977655602372e-96,4582,SIDM00402,vae_imputed
99,0.3000237060941722,1.1749986774547232e-95,4568,SIDM00360,mean
849,0.30030121728124515,1.1836699657439904e-95,4559,SIDM00743,vae_imputed
300,0.35773382260328357,3.1534970126706345e-95,3133,SIDM01072,original
799,0.29966505637463847,3.389504915146149e-95,4557,SIDM00795,mean
586,0.29864117172018745,4.0499413692299953e-95,4586,SIDM00941,mofa_imputed
892,0.3519999140199909,9.853812146462499e-95,3226,SIDM00369,original
298,0.2973711996467491,2.8596643856579584e-94,4585,SIDM00759,mofa_imputed
435,0.29759995715167353,5.385917253666631e-94,4564,SIDM00925,mean
215,0.296722199488724,6.575414637291674e-94,4588,SIDM00833,mean
895,0.2967575221167666,7.857892798799162e-94,4583,SIDM00369,mean
70,0.29669758281748965,9.000177646354898e-94,4582,SIDM00402,mofa_imputed
893,0.29612392105149576,2.022600290584475e-93,4583,SIDM00369,vae_imputed
411,0.2949312118136112,1.566268982944835e-92,4577,SIDM00856,mean
639,0.2947883176999493,2.025586191155066e-92,4576,SIDM00618,mean
297,0.29348056981588855,9.300215919070237e-92,4585,SIDM00759,vae_imputed
311,0.29336307859129723,1.2103887640705135e-91,4583,SIDM00742,mean
131,0.29345452995474763,2.4934980815351527e-91,4564,SIDM00687,mean
575,0.2907374968835204,5.4374588927084714e-90,4584,SIDM00494,mean
775,0.29128909289109806,7.381058149461945e-90,4559,SIDM00654,mean
850,0.29127902217201224,7.489922470538881e-90,4559,SIDM00743,mofa_imputed
355,0.290608921925148,9.342804720104255e-90,4576,SIDM00277,mean
894,0.29030406279964277,1.0687607777967528e-89,4583,SIDM00369,mofa_imputed
988,0.33742718784784415,2.4515823951427416e-89,3325,SIDM00771,original
512,0.3306284745336053,3.83896482472152e-89,3464,SIDM00942,original
249,0.2912297476754895,5.9398805980929264e-89,4514,SIDM00373,vae_imputed
1056,0.34074680569088933,6.812790404606369e-89,3240,SIDM00552,original
691,0.2897193267559421,6.871662410888924e-89,4560,SIDM01066,mean
479,0.2889613585177145,8.558002792850871e-89,4580,SIDM00860,mean
319,0.28809708243764787,3.3968174595231934e-88,4577,SIDM00120,mean
184,0.3291871247990158,4.875186672595471e-88,3452,SIDM01182,original
551,0.286859192356834,2.0123425984764924e-87,4577,SIDM01005,mean
956,0.335811543230071,2.4352816612670784e-86,3244,SIDM00608,original
923,0.2841430612235557,8.517721603899484e-86,4580,SIDM00921,mean
68,0.32689444505862775,4.001322142253008e-85,3385,SIDM00402,original
420,0.3528634377600765,4.6349974501598967e-85,2875,SIDM00937,original
1059,0.28380654544726114,1.126215732557784e-84,4530,SIDM00552,mean
667,0.282477524858519,1.3612617604388811e-84,4570,SIDM00715,mean
928,0.3307181000078937,3.364906067777635e-84,3266,SIDM00144,original
143,0.28364983351277756,4.185633232013125e-84,4504,SIDM00640,mean
309,0.2804827765110399,1.3026784022565905e-83,4583,SIDM00742,vae_imputed
308,0.3266014175089184,1.3656159148297144e-83,3329,SIDM00742,original
129,0.2801875635232249,4.287442243922517e-83,4564,SIDM00687,vae_imputed
688,0.31874219691146377,7.135401117377728e-83,3474,SIDM01066,original
974,0.27894607294186474,8.014297140465419e-83,4591,SIDM00903,mofa_imputed
973,0.27766244999401885,4.7599057228042303e-82,4591,SIDM00903,vae_imputed
193,0.28020021404518775,4.9286655821951254e-82,4504,SIDM00950,vae_imputed
464,0.328085593697564,2.6415812619473307e-81,3205,SIDM00449,original
71,0.2759086171263798,7.642410387946181e-81,4582,SIDM00402,mean
460,0.32856370112090283,1.2498007070510208e-80,3168,SIDM01194,original
194,0.27754560635828107,1.846413178773295e-80,4504,SIDM00950,mofa_imputed
415,0.2749399931865871,2.0179910561720497e-80,4591,SIDM01188,mean
310,0.2748827805344312,2.9907571160046334e-80,4583,SIDM00742,mofa_imputed
600,0.308698321099701,2.9978393188833367e-80,3596,SIDM00146,original
107,0.2746272232321739,3.095170756966691e-80,4591,SIDM00716,mean
848,0.32169548896167494,4.105086250525757e-80,3291,SIDM00743,original
147,0.2739048534941897,9.326882230945766e-80,4588,SIDM01125,mean
802,0.2741250337696659,1.063124329037565e-79,4577,SIDM00602,mofa_imputed
1005,0.2738818643233273,1.315715144606164e-79,4580,SIDM00301,vae_imputed
23,0.2725710503935156,1.1451478404269083e-78,4570,SIDM00973,mean
1006,0.272113790576683,1.4418021640914214e-78,4580,SIDM00301,mofa_imputed
931,0.27277548424893616,2.2037461546013726e-78,4546,SIDM00144,mean
1039,0.27091628432366516,6.691209027314169e-78,4582,SIDM00132,mean
865,0.2702903039380795,1.3303803225531487e-77,4586,SIDM00334,vae_imputed
271,0.27022243138756924,1.5721820860654575e-77,4584,SIDM00534,mean
801,0.27039426134133604,1.630243432051014e-77,4577,SIDM00602,vae_imputed
671,0.270557116466474,2.506064075464467e-77,4560,SIDM01085,mean
727,0.2696161957958792,2.9275664211499724e-77,4589,SIDM00718,mean
59,0.27011121875946337,3.105628538053261e-77,4570,SIDM00645,mean
339,0.26978892970889,7.242053734198315e-77,4559,SIDM01040,mean
268,0.32185232825430526,7.769687417971408e-77,3150,SIDM00534,original
739,0.2699741334189448,3.006355032753174e-76,4515,SIDM00498,mean
898,0.26701191531961793,1.0842716423143476e-75,4585,SIDM00368,mofa_imputed
943,0.2673641464269296,1.789841148867172e-75,4559,SIDM00755,mean
790,0.26722597543879156,3.479475521146449e-75,4546,SIDM01026,mofa_imputed
57,0.2657240534880798,1.0265448899432558e-74,4570,SIDM00645,vae_imputed
515,0.26408919202520736,1.0024198341993887e-73,4566,SIDM00942,mean
634,0.26348933663433843,1.1822445931112819e-73,4583,SIDM00148,mofa_imputed
520,0.291238746995324,1.6865740470649533e-73,3713,SIDM00933,original
346,0.26209778966592795,4.852801830313479e-73,4594,SIDM00847,mofa_imputed
1122,0.2621581838699685,1.0202111669649678e-72,4571,SIDM00210,mofa_imputed
303,0.26136608914783294,2.286714728464855e-72,4577,SIDM01072,mean
897,0.2611431274456317,2.294649738429134e-72,4585,SIDM00368,vae_imputed
991,0.2601480323258913,1.3487270746239437e-71,4571,SIDM00771,mean
371,0.25939699675316563,1.749271385582824e-71,4591,SIDM01031,mean
1127,0.25977562666407433,2.4111492685029964e-71,4568,SIDM00092,mean
250,0.2607938355450776,4.418868338595628e-71,4514,SIDM00373,mofa_imputed
191,0.2591645093476385,7.1891972771314594e-71,4559,SIDM00850,mean
296,0.30089553401645963,3.104290389901514e-70,3310,SIDM00759,original
1103,0.25721414067179416,8.46671251681013e-70,4559,SIDM00560,mean
251,0.25793772748386457,1.6081872085614008e-69,4514,SIDM00373,mean
295,0.2562240863591844,1.8861606376948387e-69,4572,SIDM00756,mean
56,0.30040685279180973,1.9098473730474948e-69,3283,SIDM00645,original
467,0.257568079476899,2.552361757063658e-69,4514,SIDM00449,mean
383,0.2558102638860428,4.931315690364466e-69,4559,SIDM01146,mean
789,0.2554425618690569,1.2125781770054335e-68,4546,SIDM01026,vae_imputed
896,0.2971975606561716,2.4159891797630684e-68,3303,SIDM00368,original
423,0.25339199842647664,7.921845296064637e-68,4566,SIDM00937,mean
715,0.2525432047719322,9.908838892116575e-68,4591,SIDM00194,mean
345,0.2519615815070833,1.846802281531533e-67,4594,SIDM00847,vae_imputed
58,0.252234917825146,2.9035143712339718e-67,4570,SIDM00645,mofa_imputed
248,0.31726474932004506,5.3940396692289794e-67,2821,SIDM00373,original
866,0.25122391734314753,5.976475700273668e-67,4586,SIDM00334,mofa_imputed
959,0.25106209878761854,1.0449793181063843e-66,4575,SIDM00608,mean
633,0.2508296676575698,1.0712001687453304e-66,4583,SIDM00148,vae_imputed
1159,0.2504136306312034,1.620326965250704e-66,4586,SIDM01033,mean
72,0.2866620855666925,4.0091635085361714e-66,3443,SIDM01156,original
1121,0.24919070156707404,1.1745781721822396e-65,4571,SIDM00210,vae_imputed
343,0.2492555680528647,1.5463148507668743e-65,4560,SIDM01087,mean
211,0.24808287301982263,4.512176711818437e-65,4571,SIDM00748,mean
646,0.24710454416654967,7.826436556083861e-65,4591,SIDM01193,mofa_imputed
547,0.24687388612707384,1.2116932962094868e-64,4586,SIDM01000,mean
851,0.2475570699791277,1.2478003246452235e-64,4559,SIDM00743,mean
1141,0.24669345882008029,2.656844604566722e-64,4568,SIDM00997,vae_imputed
187,0.24640251832460128,2.5638423246374835e-63,4507,SIDM01182,mean
584,0.2988515425326569,8.397619997953439e-63,2993,SIDM00941,original
755,0.24302143667495593,2.7983289544582793e-62,4559,SIDM00826,mean
623,0.24196995861791878,4.3960306863206935e-62,4585,SIDM00437,mean
440,0.29864432034579824,8.896874646878306e-62,2947,SIDM00419,original
1088,0.30783079936836716,5.7998891812867586e-61,2728,SIDM00493,original
1142,0.23850924824524167,4.192135435270007e-60,4568,SIDM00997,mofa_imputed
523,0.23758041548233355,1.5495613660286385e-59,4560,SIDM00933,mean
347,0.2365081557935702,1.9891784509972489e-59,4594,SIDM00847,mean
571,0.23616881345350588,4.9415744241414335e-59,4576,SIDM00545,mean
1143,0.2362633330417495,5.583144399600194e-59,4568,SIDM00997,mean
45,0.23656188822013988,7.485822569875437e-59,4546,SIDM01165,vae_imputed
972,0.2814454245256491,7.513059304348106e-59,3173,SIDM00903,original
447,0.23327191926715504,9.33846574685866e-57,4507,SIDM00615,mean
340,0.2931568200912036,1.699346189122781e-56,2794,SIDM01087,original
603,0.23078861129439626,1.7203353831754001e-56,4585,SIDM00146,mean
754,0.22838140826781533,5.069798417792966e-55,4559,SIDM00826,mofa_imputed
344,0.2708166490388307,1.127471038709904e-54,3186,SIDM00847,original
177,0.22725571726257926,1.2697066998487468e-54,4571,SIDM00711,vae_imputed
753,0.22736250766632504,1.55447538606641e-54,4559,SIDM00826,vae_imputed
46,0.22690564828241105,3.6209173120576324e-54,4546,SIDM01165,mofa_imputed
752,0.2875474720307517,6.446111108906585e-54,2772,SIDM00826,original
314,0.22520038424074798,1.7334590085420438e-53,4557,SIDM00797,mofa_imputed
719,0.22453675169808884,2.4727827972884214e-53,4571,SIDM00485,mean
594,0.22490927596145915,7.102276599982399e-53,4515,SIDM00616,mofa_imputed
1091,0.22215318699041095,2.2081942235374292e-52,4586,SIDM00493,mean
593,0.2232014641533467,4.408501517416472e-52,4515,SIDM00616,vae_imputed
800,0.25472392750663014,6.37332919527868e-52,3429,SIDM00602,original
313,0.22040630479493906,2.9618555209165046e-51,4557,SIDM00797,vae_imputed
1015,0.2200571281221161,3.1002052964152354e-51,4570,SIDM00874,mean
645,0.2189762168224785,5.794348481883217e-51,4591,SIDM01193,vae_imputed
1004,0.24793589292737236,7.111367031550124e-51,3550,SIDM00301,original
448,0.27950990350669036,2.34665056077466e-50,2740,SIDM00531,original
647,0.2175424800845555,2.6344069193622967e-50,4591,SIDM01193,mean
1140,0.2573649298013515,4.811248654532806e-50,3231,SIDM00997,original
899,0.2168059449311446,6.60269744202216e-50,4585,SIDM00368,mean
803,0.21685770152974562,7.589862668375451e-50,4577,SIDM00602,mean
1113,0.21657990129874205,1.0393940663500686e-49,4576,SIDM00306,vae_imputed
178,0.21632973637900985,1.5219644938980046e-49,4571,SIDM00711,mofa_imputed
176,0.2522903100750109,3.466195041258656e-49,3307,SIDM00711,original
299,0.21484612485938498,5.0891994583245734e-49,4585,SIDM00759,mean
192,0.24102461155416954,9.851187457944988e-49,3599,SIDM00950,original
587,0.21376177987204867,1.525489750292121e-48,4586,SIDM00941,mean
971,0.21384379808555995,2.3513045309212196e-48,4564,SIDM00554,mean
179,0.21329578402036606,3.501651043292596e-48,4571,SIDM00711,mean
620,0.3726611356112511,4.457165831983824e-48,1422,SIDM00437,original
1002,0.21127317266144846,2.4590024736804557e-47,4576,SIDM01191,mofa_imputed
644,0.2686789713216924,1.8612348575296333e-46,2736,SIDM01193,original
1115,0.20507222549417864,1.2134367909169467e-44,4576,SIDM00306,mean
1013,0.20381680507170616,4.724027081698907e-44,4570,SIDM00874,vae_imputed
975,0.2024713936884204,1.1242053971874775e-43,4591,SIDM00903,mean
443,0.20190597003715896,1.8295607632275414e-43,4594,SIDM00419,mean
1114,0.20204215202353187,2.3367837498846696e-43,4576,SIDM00306,mofa_imputed
77,0.20105254707535034,5.366213157138861e-43,4582,SIDM00084,vae_imputed
1001,0.2010249844139956,6.2407795511864275e-43,4576,SIDM01191,vae_imputed
635,0.20042489042268802,9.620489303366924e-43,4583,SIDM00148,mean
694,0.20034645612772925,1.3011061806113994e-42,4572,SIDM00740,mofa_imputed
78,0.1998579067323394,1.6923733436734197e-42,4582,SIDM00084,mofa_imputed
1120,0.24135944318641298,2.1335912123092893e-42,3105,SIDM00210,original
864,0.22361233278431863,1.2212604812862062e-41,3565,SIDM00334,original
788,0.22594351340391833,1.2859065930174574e-41,3488,SIDM01026,original
1012,0.24659830275452232,4.631302212224548e-41,2873,SIDM00874,original
632,0.24632514297881225,1.7684159871213627e-40,2837,SIDM00148,original
463,0.19643833553102863,2.036892668729314e-40,4504,SIDM01194,mean
927,0.19488113647584537,2.145390846757496e-40,4575,SIDM01141,mean
1112,0.23089065151810317,3.2529442524897527e-40,3219,SIDM00306,original
1014,0.18690239637725897,3.3698488462713957e-37,4570,SIDM00874,mofa_imputed
693,0.18630698167760967,5.519707246834941e-37,4572,SIDM00740,vae_imputed
568,0.23002643560772884,3.7339146699955725e-36,2902,SIDM00545,original
592,0.21712345161596103,1.078891784472505e-35,3223,SIDM00616,original
569,0.18131086592358464,4.080669539236352e-35,4576,SIDM00545,vae_imputed
75,0.18096336121371248,5.505991874791804e-35,4576,SIDM01156,mean
1000,0.22501525273230702,8.64935760324884e-35,2916,SIDM01191,original
663,0.17941204948395761,2.2979438742345704e-34,4570,SIDM00734,mean
509,0.1794242273584618,2.681375591771945e-34,4560,SIDM00355,vae_imputed
195,0.1790904032111691,8.924927045616635e-34,4504,SIDM00950,mean
1007,0.176299060752763,2.7169209648812497e-33,4580,SIDM00301,mean
44,0.22904289412299322,1.4869435564965403e-32,2622,SIDM01165,original
660,0.19845548861229062,4.5708964218947706e-32,3460,SIDM00734,original
181,0.17024998901852983,3.51572185246416e-31,4588,SIDM00475,vae_imputed
570,0.1703227994766291,3.959788202711321e-31,4576,SIDM00545,mofa_imputed
1003,0.17017565563772663,4.459543551262027e-31,4576,SIDM01191,mean
662,0.16882728433626615,1.4390919187174636e-30,4570,SIDM00734,mofa_imputed
692,0.20596570323814997,2.9846453062615355e-30,3016,SIDM00740,original
661,0.16732784562669223,4.746964771313235e-30,4570,SIDM00734,vae_imputed
511,0.16574076880589783,1.9087169681231375e-29,4560,SIDM00355,mean
595,0.16480440294960916,7.401201829833715e-29,4515,SIDM00616,mean
695,0.16377791405916048,7.455196187069014e-29,4572,SIDM00740,mean
510,0.16246877172773394,2.4076074199577e-28,4560,SIDM00355,mofa_imputed
182,0.1617875306485296,2.7883037776237674e-28,4588,SIDM00475,mofa_imputed
312,0.1833596174731789,5.1777657581249235e-28,3523,SIDM00797,original
47,0.15091438395600215,1.4386905503478223e-24,4546,SIDM01165,mean
253,0.14987365585115056,1.917471415135209e-24,4585,SIDM00678,vae_imputed
76,0.16960268355401112,1.0042117468112715e-23,3457,SIDM00084,original
508,0.1791864464178673,1.0559977846084244e-23,3089,SIDM00355,original
254,0.1458558256598045,3.1857583768573085e-23,4585,SIDM00678,mofa_imputed
180,0.16996401120779384,6.798149683747298e-21,3002,SIDM00475,original
252,0.17811247577945882,7.602163602124488e-21,2723,SIDM00678,original
791,0.13743855955800843,1.2987523105702683e-20,4546,SIDM01026,mean
315,0.13619494148048744,2.5961557854364436e-20,4557,SIDM00797,mean
1123,0.13471017095291568,5.860627449282658e-20,4571,SIDM00210,mean
79,0.12269698188530186,7.772211082672162e-17,4582,SIDM00084,mean
906,0.11941196390885114,5.991628033260391e-16,4559,SIDM00529,mofa_imputed
451,0.11966402780779338,7.610962291861638e-16,4507,SIDM00531,mean
183,0.118384993140597,8.63158433106598e-16,4588,SIDM00475,mean
160,0.15995566140186598,3.6964602853103356e-15,2389,SIDM00750,original
255,0.1113154971408223,4.064573342776859e-14,4585,SIDM00678,mean
163,0.10207641109884755,4.772375978326674e-12,4564,SIDM00750,mean
867,0.10141404568964849,5.834173551710618e-12,4586,SIDM00334,mean
905,0.095780113124659,9.15784059254862e-11,4559,SIDM00529,vae_imputed
162,0.09502526631853277,1.2555548253408068e-10,4564,SIDM00750,mofa_imputed
161,0.09352735970971228,2.441895571051145e-10,4564,SIDM00750,vae_imputed
882,0.09160660449384868,5.767834039243225e-10,4559,SIDM00354,mofa_imputed
517,0.0869852118202255,3.774602986345887e-09,4576,SIDM00305,vae_imputed
518,0.084308465167171,1.1181701256487897e-08,4576,SIDM00305,mofa_imputed
907,0.06027648648471795,4.6515684085395994e-05,4559,SIDM00529,mean
904,0.07097430053865939,6.398192500320254e-05,3167,SIDM00529,original
519,0.05108438166541618,0.0005462772339223966,4576,SIDM00305,mean
516,0.060987879289293646,0.0009210025790673254,2949,SIDM00305,original
992,-0.051943692877546875,0.0021945202238431855,3474,SIDM00848,original
880,0.033890463828441346,0.053192848684817155,3255,SIDM00354,original
881,0.02701966028668009,0.06812031008432856,4559,SIDM00354,vae_imputed
994,-0.024084489592689818,0.10297138552916109,4585,SIDM00848,mofa_imputed
993,-0.023464324325183385,0.11214698862697282,4585,SIDM00848,vae_imputed
883,0.02310260012022965,0.11883636182101044,4559,SIDM00354,mean
910,-0.02257219098332794,0.1275439795138184,4559,SIDM01122,mofa_imputed
995,-0.020902526500734545,0.15702930433646126,4585,SIDM00848,mean
909,-0.013996285343672508,0.34475003524804704,4559,SIDM01122,vae_imputed
911,0.009185022498811006,0.5352452075195389,4559,SIDM01122,mean
908,0.005789681900187122,0.7664215584796723,2635,SIDM01122,original
